dt,Date,timezone,Guinea Location,lat,lon,temp,dew_point,feels_like,temp_min,temp_max,pressure,humidity,wind_speed,wind_deg,wind_gust,rain_1h,rain_3h,clouds_all,weather_id,weather_main,weather_description,weather_icon
1785974400,2026-08-06 00:00:00 +0000 UTC,0,Siguiri,11.414811,-9.17883,298.29,296.72,299.24,298.12,298.42,1015,91,2.04,313,,0.15,,72,500,Rain,light rain,10n
1785978000,2026-08-06 01:00:00 +0000 UTC,0,Siguiri,11.414811,-9.17883,298.36,296.78,299.31,298.24,298.52,1014,91,1.67,305,,0.14,,38,500,Rain,light rain,10n
1785981600,2026-08-06 02:00:00 +0000 UTC,0,Siguiri,11.414811,-9.17883,298.15,296.94,299.13,298.01,298.31,1013,93,1.41,293,,0.33,,24,500,Rain,light rain,10n
1785985200,2026-08-06 03:00:00 +0000 UTC,0,Siguiri,11.414811,-9.17883,298.03,297,299.03,297.85,298.17,1012,94,1.36,283,,,,21,801,Clouds,few clouds,02n
1785988800,2026-08-06 04:00:00 +0000 UTC,0,Siguiri,11.414811,-9.17883,297.74,296.89,298.74,297.6,297.88,1013,95,1.3,260,,,,24,801,Clouds,few clouds,02n
1785992400,2026-08-06 05:00:00 +0000 UTC,0,Siguiri,11.414811,-9.17883,297.36,296.85,298.37,297.23,297.54,1013,97,1.32,233,,,,32,802,Clouds,scattered clouds,03n
1785996000,2026-08-06 06:00:00 +0000 UTC,0,Siguiri,11.414811,-9.17883,297.19,296.85,298.21,297.08,297.39,1013,98,1.52,227,,,,27,802,Clouds,scattered clouds,03n
1785999600,2026-08-06 07:00:00 +0000 UTC,0,Siguiri,11.414811,-9.17883,297.39,296.88,298.4,297.22,297.53,1013,97,2.08,225,,,,16,801,Clouds,few clouds,02d
1786003200,2026-08-06 08:00:00 +0000 UTC,0,Siguiri,11.414811,-9.17883,298.91,296.96,299.87,298.64,299.21,1014,89,1.81,232,,,,8,800,Clear,sky is clear,01d
1786006800,2026-08-06 09:00:00 +0000 UTC,0,Siguiri,11.414811,-9.17883,299.85,296.72,302.47,299.56,300.32,1014,83,1.68,248,,,,17,801,Clouds,few clouds,02d
1786010400,2026-08-06 10:00:00 +0000 UTC,0,Siguiri,11.414811,-9.17883,301.25,296.62,304.88,300.98,301.81,1014,76,1.4,261,,0.13,,41,500,Rain,light rain,10d
1786014000,2026-08-06 11:00:00 +0000 UTC,0,Siguiri,11.414811,-9.17883,301.62,296.53,305.4,301.26,302.22,1014,74,0.53,226,,0.29,,38,500,Rain,light rain,10d
1786017600,2026-08-06 12:00:00 +0000 UTC,0,Siguiri,11.414811,-9.17883,302.6,297.48,307.76,302.29,303.27,1014,74,0.91,183,,,,29,802,Clouds,scattered clouds,03d
1786021200,2026-08-06 13:00:00 +0000 UTC,0,Siguiri,11.414811,-9.17883,302.76,297.17,307.7,302.38,303.54,1013,72,1.2,183,,,,33,802,Clouds,scattered clouds,03d
1786024800,2026-08-06 14:00:00 +0000 UTC,0,Siguiri,11.414811,-9.17883,303.75,297.65,309.69,303.34,304.52,1012,70,1.02,178,,,,20,801,Clouds,few clouds,02d
1786028400,2026-08-06 15:00:00 +0000 UTC,0,Siguiri,11.414811,-9.17883,304.32,297.95,310.9,304.09,304.94,1011,69,0.76,171,,,,23,801,Clouds,few clouds,02d
1786032000,2026-08-06 16:00:00 +0000 UTC,0,Siguiri,11.414811,-9.17883,303.54,296.72,308.38,303.08,304.19,1010,67,0.52,128,,,,44,802,Clouds,scattered clouds,03d
1786035600,2026-08-06 17:00:00 +0000 UTC,0,Siguiri,11.414811,-9.17883,303.83,295.98,308.05,303.31,304.37,1010,63,1.16,86,,,,75,803,Clouds,broken clouds,04d
1786039200,2026-08-06 18:00:00 +0000 UTC,0,Siguiri,11.414811,-9.17883,303.09,296.05,307.12,302.71,303.57,1011,66,1.99,75,,0.15,,99,500,Rain,light rain,10d
1786042800,2026-08-06 19:00:00 +0000 UTC,0,Siguiri,11.414811,-9.17883,301.78,296.23,305.42,301.48,302.11,1012,72,2.65,90,,3.03,,100,501,Rain,moderate rain,10d
1786046400,2026-08-06 20:00:00 +0000 UTC,0,Siguiri,11.414811,-9.17883,299,295.69,299.78,298.89,299.1,1013,82,1.57,80,,0.61,,100,500,Rain,light rain,10n
1786050000,2026-08-06 21:00:00 +0000 UTC,0,Siguiri,11.414811,-9.17883,298.71,296,299.54,298.63,298.82,1014,85,0.96,137,,,,100,804,Clouds,overcast clouds,04n
1786053600,2026-08-06 22:00:00 +0000 UTC,0,Siguiri,11.414811,-9.17883,298.44,296.68,299.37,298.15,298.67,1015,90,1.02,228,,1.6,,99,501,Rain,moderate rain,10n
1786057200,2026-08-06 23:00:00 +0000 UTC,0,Siguiri,11.414811,-9.17883,297.91,297.05,298.92,297.49,298.16,1016,95,1.25,243,,4.19,,100,502,Rain,heavy intensity rain,10n
1786060800,2026-08-07 00:00:00 +0000 UTC,0,Siguiri,11.414811,-9.17883,297.34,296.66,298.32,297.06,297.57,1015,96,1.23,232,,2.86,,99,501,Rain,moderate rain,10n
1786064400,2026-08-07 01:00:00 +0000 UTC,0,Siguiri,11.414811,-9.17883,297.19,296.68,298.18,297.04,297.4,1014,97,1.54,218,,2.01,,98,501,Rain,moderate rain,10n
1786068000,2026-08-07 02:00:00 +0000 UTC,0,Siguiri,11.414811,-9.17883,296.84,296.5,297.82,296.73,297.11,1013,98,1.78,215,,0.15,,91,500,Rain,light rain,10n
1786071600,2026-08-07 03:00:00 +0000 UTC,0,Siguiri,11.414811,-9.17883,296.93,296.42,297.9,296.78,297.2,1013,97,1.94,221,,,,92,804,Clouds,overcast clouds,04n
1786075200,2026-08-07 04:00:00 +0000 UTC,0,Siguiri,11.414811,-9.17883,296.69,296.19,297.63,296.5,296.87,1013,97,1.93,222,,,,93,804,Clouds,overcast clouds,04n
1786078800,2026-08-07 05:00:00 +0000 UTC,0,Siguiri,11.414811,-9.17883,296.57,296.24,297.53,296.4,296.72,1014,98,1.88,214,,,,96,804,Clouds,overcast clouds,04n
1786082400,2026-08-07 06:00:00 +0000 UTC,0,Siguiri,11.414811,-9.17883,296.52,296.35,297.5,296.39,296.7,1014,99,1.93,213,,,,95,804,Clouds,overcast clouds,04n
1786086000,2026-08-07 07:00:00 +0000 UTC,0,Siguiri,11.414811,-9.17883,296.6,296.43,297.59,296.47,296.78,1014,99,2.37,215,,,,98,804,Clouds,overcast clouds,04d
1786089600,2026-08-07 08:00:00 +0000 UTC,0,Siguiri,11.414811,-9.17883,297.94,296.73,298.9,297.8,298.05,1015,93,3.2,218,,,,99,804,Clouds,overcast clouds,04d
1786093200,2026-08-07 09:00:00 +0000 UTC,0,Siguiri,11.414811,-9.17883,299.05,296.91,299.99,298.89,299.22,1015,88,3.38,218,,,,99,804,Clouds,overcast clouds,04d
1786096800,2026-08-07 10:00:00 +0000 UTC,0,Siguiri,11.414811,-9.17883,301.46,296.82,305.36,301.24,301.63,1015,76,3.88,210,,,,98,804,Clouds,overcast clouds,04d
1786100400,2026-08-07 11:00:00 +0000 UTC,0,Siguiri,11.414811,-9.17883,302.62,296.81,307.15,302.39,302.87,1015,71,3.27,200,,,,100,804,Clouds,overcast clouds,04d
1786104000,2026-08-07 12:00:00 +0000 UTC,0,Siguiri,11.414811,-9.17883,302.67,296.38,306.84,302.47,303,1014,69,3.03,186,,,,100,804,Clouds,overcast clouds,04d
1786107600,2026-08-07 13:00:00 +0000 UTC,0,Siguiri,11.414811,-9.17883,303.96,296.87,309.12,303.79,304.44,1014,66,2.76,180,,,,100,804,Clouds,overcast clouds,04d
1786111200,2026-08-07 14:00:00 +0000 UTC,0,Siguiri,11.414811,-9.17883,304.96,297.04,310.69,304.75,305.48,1013,63,2.27,179,,,,100,804,Clouds,overcast clouds,04d
1786114800,2026-08-07 15:00:00 +0000 UTC,0,Siguiri,11.414811,-9.17883,305.53,297.58,312.13,305.33,305.88,1012,63,1.25,179,,,,99,804,Clouds,overcast clouds,04d
1786118400,2026-08-07 16:00:00 +0000 UTC,0,Siguiri,11.414811,-9.17883,305.81,297.57,312.51,305.64,306.22,1011,62,0.26,300,,,,88,804,Clouds,overcast clouds,04d
1786122000,2026-08-07 17:00:00 +0000 UTC,0,Siguiri,11.414811,-9.17883,305.71,297.48,312.25,305.49,306.09,1010,62,0.77,1,,,,65,803,Clouds,broken clouds,04d
1786125600,2026-08-07 18:00:00 +0000 UTC,0,Siguiri,11.414811,-9.17883,305.21,297.54,311.64,305.03,305.54,1010,64,0.85,5,,,,41,802,Clouds,scattered clouds,03d
1786129200,2026-08-07 19:00:00 +0000 UTC,0,Siguiri,11.414811,-9.17883,302.97,296.91,307.75,302.56,303.57,1011,70,0.22,139,,,,22,801,Clouds,few clouds,02n
1786132800,2026-08-07 20:00:00 +0000 UTC,0,Siguiri,11.414811,-9.17883,301.2,297.42,305.37,300.96,301.44,1013,80,0.45,143,,,,29,802,Clouds,scattered clouds,03n
1786136400,2026-08-07 21:00:00 +0000 UTC,0,Siguiri,11.414811,-9.17883,301.19,297.83,305.67,300.85,301.42,1013,82,0.78,126,,0.3,,31,500,Rain,light rain,10n
1786140000,2026-08-07 22:00:00 +0000 UTC,0,Siguiri,11.414811,-9.17883,299.85,297.88,302.96,299.48,300.58,1014,89,3.07,170,,1.02,,83,501,Rain,moderate rain,10n
1786143600,2026-08-07 23:00:00 +0000 UTC,0,Siguiri,11.414811,-9.17883,298.97,298.11,300.09,298.75,299.39,1016,95,3.7,190,,0.84,,94,500,Rain,light rain,10n
1786147200,2026-08-08 00:00:00 +0000 UTC,0,Siguiri,11.414811,-9.17883,298.44,298.1,299.58,298.26,298.76,1015,98,3.31,205,,,,96,804,Clouds,overcast clouds,04n
1786150800,2026-08-08 01:00:00 +0000 UTC,0,Siguiri,11.414811,-9.17883,297.57,297.23,298.63,297.35,297.84,1015,98,1.88,205,,,,98,804,Clouds,overcast clouds,04n
1786154400,2026-08-08 02:00:00 +0000 UTC,0,Siguiri,11.414811,-9.17883,296.78,296.61,297.78,296.52,297,1014,99,0.87,205,,,,99,804,Clouds,overcast clouds,04n
1786158000,2026-08-08 03:00:00 +0000 UTC,0,Siguiri,11.414811,-9.17883,296.54,296.37,297.52,296.36,296.75,1015,99,0.5,208,,,,100,804,Clouds,overcast clouds,04n
1786161600,2026-08-08 04:00:00 +0000 UTC,0,Siguiri,11.414811,-9.17883,296.39,296.22,297.35,296.11,296.56,1015,99,0.63,71,,,,100,804,Clouds,overcast clouds,04n
1786165200,2026-08-08 05:00:00 +0000 UTC,0,Siguiri,11.414811,-9.17883,296.29,296.12,297.24,295.98,296.46,1015,99,0.57,238,,,,100,804,Clouds,overcast clouds,04n
1786168800,2026-08-08 06:00:00 +0000 UTC,0,Siguiri,11.414811,-9.17883,296.17,296,297.11,295.93,296.34,1014,99,1.69,239,,,,100,804,Clouds,overcast clouds,04n
1786172400,2026-08-08 07:00:00 +0000 UTC,0,Siguiri,11.414811,-9.17883,296.18,295.85,297.1,295.92,296.38,1014,98,2.21,237,,,,100,804,Clouds,overcast clouds,04d
1786176000,2026-08-08 08:00:00 +0000 UTC,0,Siguiri,11.414811,-9.17883,297,295.8,297.87,296.72,297.15,1015,93,3.24,240,,,,100,804,Clouds,overcast clouds,04d
1786179600,2026-08-08 09:00:00 +0000 UTC,0,Siguiri,11.414811,-9.17883,297.66,295.91,298.52,297.49,297.89,1015,90,3.1,237,,,,99,804,Clouds,overcast clouds,04d
1786183200,2026-08-08 10:00:00 +0000 UTC,0,Siguiri,11.414811,-9.17883,298.8,296.66,299.72,298.49,299.05,1016,88,2.2,238,,,,100,804,Clouds,overcast clouds,04d
1786186800,2026-08-08 11:00:00 +0000 UTC,0,Siguiri,11.414811,-9.17883,300.06,296.93,302.96,299.73,300.33,1015,83,1.97,247,,,,100,804,Clouds,overcast clouds,04d
1786190400,2026-08-08 12:00:00 +0000 UTC,0,Siguiri,11.414811,-9.17883,301,297.23,304.88,300.75,301.21,1015,80,2.58,242,,,,99,804,Clouds,overcast clouds,04d
1786194000,2026-08-08 13:00:00 +0000 UTC,0,Siguiri,11.414811,-9.17883,302.09,297.21,306.7,301.85,302.44,1014,75,2.54,232,,,,91,804,Clouds,overcast clouds,04d
1786197600,2026-08-08 14:00:00 +0000 UTC,0,Siguiri,11.414811,-9.17883,303.44,297.11,308.65,303.25,303.9,1013,69,1.87,231,,,,68,803,Clouds,broken clouds,04d
1786201200,2026-08-08 15:00:00 +0000 UTC,0,Siguiri,11.414811,-9.17883,303.81,296.98,309.03,303.55,304.42,1012,67,1.11,252,,,,69,803,Clouds,broken clouds,04d
1786204800,2026-08-08 16:00:00 +0000 UTC,0,Siguiri,11.414811,-9.17883,303.77,297.19,309.2,303.49,304.37,1011,68,0.64,322,,,,83,803,Clouds,broken clouds,04d
1786208400,2026-08-08 17:00:00 +0000 UTC,0,Siguiri,11.414811,-9.17883,303.48,296.91,308.49,303.27,304.01,1011,68,1.01,353,,,,73,803,Clouds,broken clouds,04d
1786212000,2026-08-08 18:00:00 +0000 UTC,0,Siguiri,11.414811,-9.17883,303.44,296.87,308.4,303.25,303.79,1011,68,1.12,340,,,,49,802,Clouds,scattered clouds,03d
1786215600,2026-08-08 19:00:00 +0000 UTC,0,Siguiri,11.414811,-9.17883,302.18,297.3,306.92,302.02,302.41,1012,75,1.31,287,,,,26,802,Clouds,scattered clouds,03n
1786219200,2026-08-08 20:00:00 +0000 UTC,0,Siguiri,11.414811,-9.17883,301.02,297.66,305.22,300.9,301.27,1013,82,1.07,283,,,,25,802,Clouds,scattered clouds,03n
1786222800,2026-08-08 21:00:00 +0000 UTC,0,Siguiri,11.414811,-9.17883,300.3,297.56,303.76,300.11,300.52,1014,85,1.06,251,,,,31,802,Clouds,scattered clouds,03n
1786226400,2026-08-08 22:00:00 +0000 UTC,0,Siguiri,11.414811,-9.17883,299.29,297.7,299.29,298.86,299.44,1013,91,0.71,234,,,,41,802,Clouds,scattered clouds,03n
1786230000,2026-08-08 23:00:00 +0000 UTC,0,Siguiri,11.414811,-9.17883,299.27,297.68,299.27,299.04,299.48,1015,91,1.93,204,,,,92,804,Clouds,overcast clouds,04n
1786233600,2026-08-09 00:00:00 +0000 UTC,0,Siguiri,11.414811,-9.17883,298.6,297.2,299.6,298.26,298.96,1014,92,2.58,205,,,,100,804,Clouds,overcast clouds,04n
1786237200,2026-08-09 01:00:00 +0000 UTC,0,Siguiri,11.414811,-9.17883,297.97,296.76,298.94,297.68,298.39,1014,93,2.75,211,,,,100,804,Clouds,overcast clouds,04n
1786240800,2026-08-09 02:00:00 +0000 UTC,0,Siguiri,11.414811,-9.17883,297.29,296.09,298.19,297.05,297.69,1014,93,2.77,217,,,,100,804,Clouds,overcast clouds,04n
1786244400,2026-08-09 03:00:00 +0000 UTC,0,Siguiri,11.414811,-9.17883,296.98,295.6,297.82,296.81,297.36,1014,92,2.72,221,,,,96,804,Clouds,overcast clouds,04n
1786248000,2026-08-09 04:00:00 +0000 UTC,0,Siguiri,11.414811,-9.17883,296.63,295.61,297.49,296.49,296.98,1014,94,2.71,223,,,,81,803,Clouds,broken clouds,04n
1786251600,2026-08-09 05:00:00 +0000 UTC,0,Siguiri,11.414811,-9.17883,296.45,295.6,297.32,296.34,296.75,1013,95,2.79,225,,,,91,804,Clouds,overcast clouds,04n
1786255200,2026-08-09 06:00:00 +0000 UTC,0,Siguiri,11.414811,-9.17883,296.47,295.62,297.34,296.31,296.77,1014,95,2.82,230,,,,99,804,Clouds,overcast clouds,04n
1786258800,2026-08-09 07:00:00 +0000 UTC,0,Siguiri,11.414811,-9.17883,296.57,295.72,297.45,296.41,296.9,1014,95,2.98,234,,,,99,804,Clouds,overcast clouds,04d
1786262400,2026-08-09 08:00:00 +0000 UTC,0,Siguiri,11.414811,-9.17883,297.84,296.09,298.71,297.56,298.37,1015,90,4.11,240,,,,100,804,Clouds,overcast clouds,04d
1786266000,2026-08-09 09:00:00 +0000 UTC,0,Siguiri,11.414811,-9.17883,299.19,296.66,299.19,298.9,299.8,1015,86,3.52,242,,,,100,804,Clouds,overcast clouds,04d
1786269600,2026-08-09 10:00:00 +0000 UTC,0,Siguiri,11.414811,-9.17883,300.26,296.09,302.94,299.9,301.03,1015,78,2.23,234,,,,94,804,Clouds,overcast clouds,04d
1786273200,2026-08-09 11:00:00 +0000 UTC,0,Siguiri,11.414811,-9.17883,301.5,296.42,305.13,301.07,302.32,1015,74,1.44,230,,,,99,804,Clouds,overcast clouds,04d
1786276800,2026-08-09 12:00:00 +0000 UTC,0,Siguiri,11.414811,-9.17883,302.31,296.97,306.83,301.79,303.17,1014,73,1.11,220,,,,98,804,Clouds,overcast clouds,04d
1786280400,2026-08-09 13:00:00 +0000 UTC,0,Siguiri,11.414811,-9.17883,302.82,297.23,307.85,302.27,303.72,1014,72,0.99,212,,,,73,803,Clouds,broken clouds,04d
1786284000,2026-08-09 14:00:00 +0000 UTC,0,Siguiri,11.414811,-9.17883,304.72,298.09,311.66,304.22,305.62,1013,68,0.94,212,,,,73,803,Clouds,broken clouds,04d
1786287600,2026-08-09 15:00:00 +0000 UTC,0,Siguiri,11.414811,-9.17883,305.2,298.3,312.2,304.66,306.11,1012,67,0.93,205,,,,72,803,Clouds,broken clouds,04d
1786291200,2026-08-09 16:00:00 +0000 UTC,0,Siguiri,11.414811,-9.17883,305.18,298.28,312.18,304.66,306.15,1011,67,0.66,195,,,,49,802,Clouds,scattered clouds,03d
1786294800,2026-08-09 17:00:00 +0000 UTC,0,Siguiri,11.414811,-9.17883,303.72,298.09,310.18,303.3,304.64,1010,72,0.61,167,,,,53,803,Clouds,broken clouds,04d
1786298400,2026-08-09 18:00:00 +0000 UTC,0,Siguiri,11.414811,-9.17883,303.39,297.54,309.04,302.99,304.15,1010,71,0.34,152,,,,84,803,Clouds,broken clouds,04d
1786302000,2026-08-09 19:00:00 +0000 UTC,0,Siguiri,11.414811,-9.17883,301.01,296.6,304.47,300.89,301.33,1012,77,0.27,114,,0.24,,93,500,Rain,light rain,10n
1786305600,2026-08-09 20:00:00 +0000 UTC,0,Siguiri,11.414811,-9.17883,298.82,296.68,299.74,298.64,299.05,1013,88,1.14,189,,1.22,,87,501,Rain,moderate rain,10n
1786309200,2026-08-09 21:00:00 +0000 UTC,0,Siguiri,11.414811,-9.17883,297.42,296.39,298.36,297.08,297.84,1014,94,1.7,237,,0.68,,92,500,Rain,light rain,10n
1786312800,2026-08-09 22:00:00 +0000 UTC,0,Siguiri,11.414811,-9.17883,297.06,295.68,297.91,296.87,297.22,1014,92,2.91,257,,0.47,,90,500,Rain,light rain,10n
1786316400,2026-08-09 23:00:00 +0000 UTC,0,Siguiri,11.414811,-9.17883,297.3,296.45,298.25,297.02,297.42,1015,95,2.17,277,,1.11,,100,501,Rain,moderate rain,10n
1786320000,2026-08-10 00:00:00 +0000 UTC,0,Siguiri,11.414811,-9.17883,296.17,295.84,297.09,295.96,296.35,1015,98,2.42,302,,1.77,,100,501,Rain,moderate rain,10n
1786323600,2026-08-10 01:00:00 +0000 UTC,0,Siguiri,11.414811,-9.17883,296.41,296.24,297.38,296.3,296.6,1014,99,1.75,324,,1.09,,100,501,Rain,moderate rain,10n
1786327200,2026-08-10 02:00:00 +0000 UTC,0,Siguiri,11.414811,-9.17883,296.21,296.21,297.18,296.1,296.46,1014,100,0.75,267,,0.82,,100,500,Rain,light rain,10n
1786330800,2026-08-10 03:00:00 +0000 UTC,0,Siguiri,11.414811,-9.17883,295.76,295.76,296.69,295.71,295.89,1014,100,1.82,234,,1.55,,100,501,Rain,moderate rain,10n
1786334400,2026-08-10 04:00:00 +0000 UTC,0,Siguiri,11.414811,-9.17883,295.62,295.62,296.53,295.51,295.75,1014,100,2.24,239,,2.76,,100,501,Rain,moderate rain,10n
1786338000,2026-08-10 05:00:00 +0000 UTC,0,Siguiri,11.414811,-9.17883,295.47,295.47,296.37,295.34,295.65,1014,100,1.81,231,,3.17,,100,501,Rain,moderate rain,10n
1786341600,2026-08-10 06:00:00 +0000 UTC,0,Siguiri,11.414811,-9.17883,295.9,295.9,296.84,295.82,296.09,1014,100,1.26,226,,3.4,,100,501,Rain,moderate rain,10n
1786345200,2026-08-10 07:00:00 +0000 UTC,0,Siguiri,11.414811,-9.17883,295.94,295.94,296.89,295.87,296.1,1015,100,1.33,218,,1.81,,100,501,Rain,moderate rain,10d
1786348800,2026-08-10 08:00:00 +0000 UTC,0,Siguiri,11.414811,-9.17883,296.65,296.48,297.64,296.57,296.82,1015,99,2.07,225,,0.99,,100,500,Rain,light rain,10d
1786352400,2026-08-10 09:00:00 +0000 UTC,0,Siguiri,11.414811,-9.17883,297.22,297.05,298.27,297.1,297.39,1016,99,2.87,242,,1.96,,100,501,Rain,moderate rain,10d
1786356000,2026-08-10 10:00:00 +0000 UTC,0,Siguiri,11.414811,-9.17883,298,297.66,299.1,297.8,298.16,1016,98,2.38,220,,1.48,,100,501,Rain,moderate rain,10d
1786359600,2026-08-10 11:00:00 +0000 UTC,0,Siguiri,11.414811,-9.17883,298.98,298.47,300.15,298.74,299.12,1016,97,2.23,225,,1.37,,100,501,Rain,moderate rain,10d
1786363200,2026-08-10 12:00:00 +0000 UTC,0,Siguiri,11.414811,-9.17883,299.22,298.71,299.22,299.01,299.42,1016,97,1.97,254,,1.42,,100,501,Rain,moderate rain,10d
1786366800,2026-08-10 13:00:00 +0000 UTC,0,Siguiri,11.414811,-9.17883,299.04,298.87,300.27,298.85,299.18,1015,99,1.21,266,,2.28,,100,501,Rain,moderate rain,10d
1786370400,2026-08-10 14:00:00 +0000 UTC,0,Siguiri,11.414811,-9.17883,299.85,298.98,303.47,299.53,300.05,1014,95,0.42,183,,3.56,,100,501,Rain,moderate rain,10d
1786374000,2026-08-10 15:00:00 +0000 UTC,0,Siguiri,11.414811,-9.17883,299.7,298.65,299.7,299.56,299.86,1014,94,1.74,146,,6.11,,100,502,Rain,heavy intensity rain,10d
1786377600,2026-08-10 16:00:00 +0000 UTC,0,Siguiri,11.414811,-9.17883,299.52,298.3,299.52,299.25,299.85,1013,93,2.25,151,,6.56,,100,502,Rain,heavy intensity rain,10d
1786381200,2026-08-10 17:00:00 +0000 UTC,0,Siguiri,11.414811,-9.17883,298.85,298.16,299.98,298.65,299.05,1013,96,1.75,173,,5.14,,100,502,Rain,heavy intensity rain,10d
1786384800,2026-08-10 18:00:00 +0000 UTC,0,Siguiri,11.414811,-9.17883,298.82,298.13,299.95,298.67,298.99,1013,96,1.22,210,,1.02,,100,501,Rain,moderate rain,10d
1786388400,2026-08-10 19:00:00 +0000 UTC,0,Siguiri,11.414811,-9.17883,298.99,297.77,300.06,298.91,299.19,1013,93,1.04,245,,0.42,,100,500,Rain,light rain,10n
1786392000,2026-08-10 20:00:00 +0000 UTC,0,Siguiri,11.414811,-9.17883,298.73,298.22,299.88,298.59,298.99,1014,97,1.05,253,,0.11,,100,500,Rain,light rain,10n
1786395600,2026-08-10 21:00:00 +0000 UTC,0,Siguiri,11.414811,-9.17883,298.19,297.51,299.26,298.01,298.51,1015,96,0.94,241,,,,100,804,Clouds,overcast clouds,04n
1786399200,2026-08-10 22:00:00 +0000 UTC,0,Siguiri,11.414811,-9.17883,297.21,297.04,298.26,296.95,297.56,1015,99,0.29,196,,,,67,803,Clouds,broken clouds,04n
1786402800,2026-08-10 23:00:00 +0000 UTC,0,Siguiri,11.414811,-9.17883,296.94,296.94,297.99,296.67,297.31,1015,100,1.42,242,,,,57,803,Clouds,broken clouds,04n
1786406400,2026-08-11 00:00:00 +0000 UTC,0,Siguiri,11.414811,-9.17883,296.14,295.47,297,295.94,296.51,1015,96,1.91,214,4.64,,,41,802,Clouds,scattered clouds,03n
1786410000,2026-08-11 01:00:00 +0000 UTC,0,Siguiri,11.414811,-9.17883,296.14,295.47,297,295.94,296.51,1015,96,1.91,214,4.64,,,41,802,Clouds,scattered clouds,03n
1786413600,2026-08-11 02:00:00 +0000 UTC,0,Siguiri,11.414811,-9.17883,295.38,295.05,296.22,294.86,295.98,1014,98,1.95,217,5.71,,0.44,73,500,Rain,light rain,10n
1786417200,2026-08-11 03:00:00 +0000 UTC,0,Siguiri,11.414811,-9.17883,295.38,295.05,296.22,294.86,295.98,1014,98,1.95,217,5.71,,0.44,73,500,Rain,light rain,10n
1786420800,2026-08-11 04:00:00 +0000 UTC,0,Siguiri,11.414811,-9.17883,295.38,295.05,296.22,294.86,295.98,1014,98,1.95,217,5.71,,0.44,73,500,Rain,light rain,10n
1786424400,2026-08-11 05:00:00 +0000 UTC,0,Siguiri,11.414811,-9.17883,294.9,294.57,295.69,294.28,295.9,1014,98,1.88,212,5.21,,,79,803,Clouds,broken clouds,04n
1786428000,2026-08-11 06:00:00 +0000 UTC,0,Siguiri,11.414811,-9.17883,294.9,294.57,295.69,294.28,295.9,1014,98,1.88,212,5.21,,,79,803,Clouds,broken clouds,04n
1786431600,2026-08-11 07:00:00 +0000 UTC,0,Siguiri,11.414811,-9.17883,294.9,294.57,295.69,294.28,295.9,1014,98,1.88,212,5.21,,,79,803,Clouds,broken clouds,04d
1786435200,2026-08-11 08:00:00 +0000 UTC,0,Siguiri,11.414811,-9.17883,297.72,295.03,298.45,297.46,298.32,1015,85,2.9,218,4.41,,,84,803,Clouds,broken clouds,04d
1786438800,2026-08-11 09:00:00 +0000 UTC,0,Siguiri,11.414811,-9.17883,297.72,295.03,298.45,297.46,298.32,1015,85,2.9,218,4.41,,,84,803,Clouds,broken clouds,04d
1786442400,2026-08-11 10:00:00 +0000 UTC,0,Siguiri,11.414811,-9.17883,297.72,295.03,298.45,297.46,298.32,1015,85,2.9,218,4.41,,,84,803,Clouds,broken clouds,04d
1786446000,2026-08-11 11:00:00 +0000 UTC,0,Siguiri,11.414811,-9.17883,302.77,295.74,306.43,302.07,303.79,1014,66,2.27,230,1.56,,,61,803,Clouds,broken clouds,04d
1786449600,2026-08-11 12:00:00 +0000 UTC,0,Siguiri,11.414811,-9.17883,302.77,295.74,306.43,302.07,303.79,1014,66,2.27,230,1.56,,,61,803,Clouds,broken clouds,04d
1786453200,2026-08-11 13:00:00 +0000 UTC,0,Siguiri,11.414811,-9.17883,302.77,295.74,306.43,302.07,303.79,1014,66,2.27,230,1.56,,,61,803,Clouds,broken clouds,04d
1786456800,2026-08-11 14:00:00 +0000 UTC,0,Siguiri,11.414811,-9.17883,303.73,296.14,308.07,302.61,304.63,1011,64,1.09,183,1.01,,,92,804,Clouds,overcast clouds,04d
1786460400,2026-08-11 15:00:00 +0000 UTC,0,Siguiri,11.414811,-9.17883,303.73,296.14,308.07,302.61,304.63,1011,64,1.09,183,1.01,,,92,804,Clouds,overcast clouds,04d
1786464000,2026-08-11 16:00:00 +0000 UTC,0,Siguiri,11.414811,-9.17883,303.73,296.14,308.07,302.61,304.63,1011,64,1.09,183,1.01,,,92,804,Clouds,overcast clouds,04d
1786467600,2026-08-11 17:00:00 +0000 UTC,0,Siguiri,11.414811,-9.17883,301.73,296.41,305.48,301.25,302.25,1011,73,1.17,122,1.31,,,66,803,Clouds,broken clouds,04d
1786471200,2026-08-11 18:00:00 +0000 UTC,0,Siguiri,11.414811,-9.17883,301.73,296.41,305.48,301.25,302.25,1011,73,1.17,122,1.31,,,66,803,Clouds,broken clouds,04d
1786474800,2026-08-11 19:00:00 +0000 UTC,0,Siguiri,11.414811,-9.17883,301.73,296.41,305.48,301.25,302.25,1011,73,1.17,122,1.31,,,66,803,Clouds,broken clouds,04n
1786478400,2026-08-11 20:00:00 +0000 UTC,0,Siguiri,11.414811,-9.17883,298.3,295.21,299.04,297.9,298.9,1013,83,1.82,196,1.84,,,90,804,Clouds,overcast clouds,04n
1786482000,2026-08-11 21:00:00 +0000 UTC,0,Siguiri,11.414811,-9.17883,298.3,295.21,299.04,297.9,298.9,1013,83,1.82,196,1.84,,,90,804,Clouds,overcast clouds,04n
1786485600,2026-08-11 22:00:00 +0000 UTC,0,Siguiri,11.414811,-9.17883,298.3,295.21,299.04,297.9,298.9,1013,83,1.82,196,1.84,,,90,804,Clouds,overcast clouds,04n
1786489200,2026-08-11 23:00:00 +0000 UTC,0,Siguiri,11.414811,-9.17883,297.02,295.28,297.81,296.77,297.59,1013,90,2.04,212,3.52,,,57,803,Clouds,broken clouds,04n
1786492800,2026-08-12 00:00:00 +0000 UTC,0,Siguiri,11.414811,-9.17883,297.02,295.28,297.81,296.77,297.59,1013,90,2.04,212,3.52,,,57,803,Clouds,broken clouds,04n
1786496400,2026-08-12 01:00:00 +0000 UTC,0,Siguiri,11.414811,-9.17883,297.02,295.28,297.81,296.77,297.59,1013,90,2.04,212,3.52,,,57,803,Clouds,broken clouds,04n
1786500000,2026-08-12 02:00:00 +0000 UTC,0,Siguiri,11.414811,-9.17883,296.12,295.1,296.93,295.77,296.76,1012,94,2.22,236,6.56,,,82,803,Clouds,broken clouds,04n
1786503600,2026-08-12 03:00:00 +0000 UTC,0,Siguiri,11.414811,-9.17883,296.12,295.1,296.93,295.77,296.76,1012,94,2.22,236,6.56,,,82,803,Clouds,broken clouds,04n
1786507200,2026-08-12 04:00:00 +0000 UTC,0,Siguiri,11.414811,-9.17883,296.12,295.1,296.93,295.77,296.76,1012,94,2.22,236,6.56,,,82,803,Clouds,broken clouds,04n
1786510800,2026-08-12 05:00:00 +0000 UTC,0,Siguiri,11.414811,-9.17883,295.21,294.54,295.98,294.61,295.83,1014,96,2.57,223,7.74,,,12,801,Clouds,few clouds,02n
1786514400,2026-08-12 06:00:00 +0000 UTC,0,Siguiri,11.414811,-9.17883,295.21,294.54,295.98,294.61,295.83,1014,96,2.57,223,7.74,,,12,801,Clouds,few clouds,02n
1786518000,2026-08-12 07:00:00 +0000 UTC,0,Siguiri,11.414811,-9.17883,295.21,294.54,295.98,294.61,295.83,1014,96,2.57,223,7.74,,,12,801,Clouds,few clouds,02d
1786521600,2026-08-12 08:00:00 +0000 UTC,0,Siguiri,11.414811,-9.17883,298.71,296.19,299.57,298.13,299.29,1016,86,3.98,228,6.01,,,59,803,Clouds,broken clouds,04d
1786525200,2026-08-12 09:00:00 +0000 UTC,0,Siguiri,11.414811,-9.17883,298.71,296.19,299.57,298.13,299.29,1016,86,3.98,228,6.01,,,59,803,Clouds,broken clouds,04d
1786528800,2026-08-12 10:00:00 +0000 UTC,0,Siguiri,11.414811,-9.17883,298.71,296.19,299.57,298.13,299.29,1016,86,3.98,228,6.01,,,59,803,Clouds,broken clouds,04d
1786532400,2026-08-12 11:00:00 +0000 UTC,0,Siguiri,11.414811,-9.17883,302.33,295.32,305.52,300.63,303.7,1015,66,3.08,226,3.43,,,36,802,Clouds,scattered clouds,03d
1786536000,2026-08-12 12:00:00 +0000 UTC,0,Siguiri,11.414811,-9.17883,302.33,295.32,305.52,300.63,303.7,1015,66,3.08,226,3.43,,,36,802,Clouds,scattered clouds,03d
1786539600,2026-08-12 13:00:00 +0000 UTC,0,Siguiri,11.414811,-9.17883,302.33,295.32,305.52,300.63,303.7,1015,66,3.08,226,3.43,,,36,802,Clouds,scattered clouds,03d
1786543200,2026-08-12 14:00:00 +0000 UTC,0,Siguiri,11.414811,-9.17883,303.65,295.01,306.96,302.98,304.85,1012,60,1.53,240,1.16,,,79,803,Clouds,broken clouds,04d
1786546800,2026-08-12 15:00:00 +0000 UTC,0,Siguiri,11.414811,-9.17883,303.65,295.01,306.96,302.98,304.85,1012,60,1.53,240,1.16,,,79,803,Clouds,broken clouds,04d
1786550400,2026-08-12 16:00:00 +0000 UTC,0,Siguiri,11.414811,-9.17883,303.65,295.01,306.96,302.98,304.85,1012,60,1.53,240,1.16,,,79,803,Clouds,broken clouds,04d
1786554000,2026-08-12 17:00:00 +0000 UTC,0,Siguiri,11.414811,-9.17883,301.8,296.71,305.82,300.63,302.9,1011,74,2.14,182,3.72,,,100,804,Clouds,overcast clouds,04d
1786557600,2026-08-12 18:00:00 +0000 UTC,0,Siguiri,11.414811,-9.17883,301.8,296.71,305.82,300.63,302.9,1011,74,2.14,182,3.72,,,100,804,Clouds,overcast clouds,04d
1786561200,2026-08-12 19:00:00 +0000 UTC,0,Siguiri,11.414811,-9.17883,301.8,296.71,305.82,300.63,302.9,1011,74,2.14,182,3.72,,,100,804,Clouds,overcast clouds,04n
1786564800,2026-08-12 20:00:00 +0000 UTC,0,Siguiri,11.414811,-9.17883,294,293,294.6,293.78,294.33,1015,94,3.76,79,11.82,,7.38,100,501,Rain,moderate rain,10n
1786568400,2026-08-12 21:00:00 +0000 UTC,0,Siguiri,11.414811,-9.17883,294,293,294.6,293.78,294.33,1015,94,3.76,79,11.82,,7.38,100,501,Rain,moderate rain,10n
1786572000,2026-08-12 22:00:00 +0000 UTC,0,Siguiri,11.414811,-9.17883,294,293,294.6,293.78,294.33,1015,94,3.76,79,11.82,,7.38,100,501,Rain,moderate rain,10n
1786575600,2026-08-12 23:00:00 +0000 UTC,0,Siguiri,11.414811,-9.17883,294.5,293.84,295.2,294.23,294.75,1015,96,1.78,353,3.2,,,100,804,Clouds,overcast clouds,04n
1786579200,2026-08-13 00:00:00 +0000 UTC,0,Siguiri,11.414811,-9.17883,294.5,293.84,295.2,294.23,294.75,1015,96,1.78,353,3.2,,,100,804,Clouds,overcast clouds,04n
1786582800,2026-08-13 01:00:00 +0000 UTC,0,Siguiri,11.414811,-9.17883,294.5,293.84,295.2,294.23,294.75,1015,96,1.78,353,3.2,,,100,804,Clouds,overcast clouds,04n
1786586400,2026-08-13 02:00:00 +0000 UTC,0,Siguiri,11.414811,-9.17883,294.46,293.63,295.13,294.09,294.84,1013,95,1.12,65,1.13,,,100,804,Clouds,overcast clouds,04n
1786590000,2026-08-13 03:00:00 +0000 UTC,0,Siguiri,11.414811,-9.17883,294.46,293.63,295.13,294.09,294.84,1013,95,1.12,65,1.13,,,100,804,Clouds,overcast clouds,04n
1786593600,2026-08-13 04:00:00 +0000 UTC,0,Siguiri,11.414811,-9.17883,294.46,293.63,295.13,294.09,294.84,1013,95,1.12,65,1.13,,,100,804,Clouds,overcast clouds,04n
1786597200,2026-08-13 05:00:00 +0000 UTC,0,Siguiri,11.414811,-9.17883,294.16,293.33,294.8,293.91,294.43,1015,95,0.25,51,0.31,,,27,802,Clouds,scattered clouds,03n
1786600800,2026-08-13 06:00:00 +0000 UTC,0,Siguiri,11.414811,-9.17883,294.16,293.33,294.8,293.91,294.43,1015,95,0.25,51,0.31,,,27,802,Clouds,scattered clouds,03n
1786604400,2026-08-13 07:00:00 +0000 UTC,0,Siguiri,11.414811,-9.17883,294.16,293.33,294.8,293.91,294.43,1015,95,0.25,51,0.31,,,27,802,Clouds,scattered clouds,03d
1786608000,2026-08-13 08:00:00 +0000 UTC,0,Siguiri,11.414811,-9.17883,298.14,294.45,298.78,297.87,298.34,1016,80,0.78,157,0.92,,,61,803,Clouds,broken clouds,04d
1786611600,2026-08-13 09:00:00 +0000 UTC,0,Siguiri,11.414811,-9.17883,298.14,294.45,298.78,297.87,298.34,1016,80,0.78,157,0.92,,,61,803,Clouds,broken clouds,04d
1786615200,2026-08-13 10:00:00 +0000 UTC,0,Siguiri,11.414811,-9.17883,298.14,294.45,298.78,297.87,298.34,1016,80,0.78,157,0.92,,,61,803,Clouds,broken clouds,04d
1786618800,2026-08-13 11:00:00 +0000 UTC,0,Siguiri,11.414811,-9.17883,303.29,294.39,306.05,303.07,303.53,1015,59,1.51,92,2.32,,,98,804,Clouds,overcast clouds,04d
1786622400,2026-08-13 12:00:00 +0000 UTC,0,Siguiri,11.414811,-9.17883,303.29,294.39,306.05,303.07,303.53,1015,59,1.51,92,2.32,,,98,804,Clouds,overcast clouds,04d
1786626000,2026-08-13 13:00:00 +0000 UTC,0,Siguiri,11.414811,-9.17883,303.29,294.39,306.05,303.07,303.53,1015,59,1.51,92,2.32,,,98,804,Clouds,overcast clouds,04d
1786629600,2026-08-13 14:00:00 +0000 UTC,0,Siguiri,11.414811,-9.17883,304.11,295.16,307.67,302.99,305.41,1013,59,3.01,126,3.32,,,100,804,Clouds,overcast clouds,04d
1786633200,2026-08-13 15:00:00 +0000 UTC,0,Siguiri,11.414811,-9.17883,304.11,295.16,307.67,302.99,305.41,1013,59,3.01,126,3.32,,,100,804,Clouds,overcast clouds,04d
1786636800,2026-08-13 16:00:00 +0000 UTC,0,Siguiri,11.414811,-9.17883,304.11,295.16,307.67,302.99,305.41,1013,59,3.01,126,3.32,,,100,804,Clouds,overcast clouds,04d
1786640400,2026-08-13 17:00:00 +0000 UTC,0,Siguiri,11.414811,-9.17883,301.19,295.44,304.03,300.84,301.84,1013,71,2.49,133,4.7,,,5,800,Clear,sky is clear,01d
1786644000,2026-08-13 18:00:00 +0000 UTC,0,Siguiri,11.414811,-9.17883,301.19,295.44,304.03,300.84,301.84,1013,71,2.49,133,4.7,,,5,800,Clear,sky is clear,01d
1786647600,2026-08-13 19:00:00 +0000 UTC,0,Siguiri,11.414811,-9.17883,301.19,295.44,304.03,300.84,301.84,1013,71,2.49,133,4.7,,,5,800,Clear,sky is clear,01n
1786651200,2026-08-13 20:00:00 +0000 UTC,0,Siguiri,11.414811,-9.17883,297.75,294.67,298.43,296.98,298.5,1015,83,1.74,148,2.14,,0.56,22,500,Rain,light rain,10n
1786654800,2026-08-13 21:00:00 +0000 UTC,0,Siguiri,11.414811,-9.17883,297.75,294.67,298.43,296.98,298.5,1015,83,1.74,148,2.14,,0.56,22,500,Rain,light rain,10n
1786658400,2026-08-13 22:00:00 +0000 UTC,0,Siguiri,11.414811,-9.17883,297.75,294.67,298.43,296.98,298.5,1015,83,1.74,148,2.14,,0.56,22,500,Rain,light rain,10n
1786662000,2026-08-13 23:00:00 +0000 UTC,0,Siguiri,11.414811,-9.17883,296.45,295.08,297.24,295.88,296.73,1016,92,1.65,195,1.92,,,6,800,Clear,sky is clear,01n
1786665600,2026-08-14 00:00:00 +0000 UTC,0,Siguiri,11.414811,-9.17883,296.45,295.08,297.24,295.88,296.73,1016,92,1.65,195,1.92,,,6,800,Clear,sky is clear,01n
1786669200,2026-08-14 01:00:00 +0000 UTC,0,Siguiri,11.414811,-9.17883,296.45,295.08,297.24,295.88,296.73,1016,92,1.65,195,1.92,,,6,800,Clear,sky is clear,01n
1786672800,2026-08-14 02:00:00 +0000 UTC,0,Siguiri,11.414811,-9.17883,295.38,294.54,296.14,294.76,295.78,1015,95,0.88,186,0.91,,0.31,16,500,Rain,light rain,10n
1786676400,2026-08-14 03:00:00 +0000 UTC,0,Siguiri,11.414811,-9.17883,295.38,294.54,296.14,294.76,295.78,1015,95,0.88,186,0.91,,0.31,16,500,Rain,light rain,10n
1786680000,2026-08-14 04:00:00 +0000 UTC,0,Siguiri,11.414811,-9.17883,295.38,294.54,296.14,294.76,295.78,1015,95,0.88,186,0.91,,0.31,16,500,Rain,light rain,10n
1786683600,2026-08-14 05:00:00 +0000 UTC,0,Siguiri,11.414811,-9.17883,294.74,294.41,295.51,294.11,295.14,1016,98,1.7,211,2.6,,,24,801,Clouds,few clouds,02n
1786687200,2026-08-14 06:00:00 +0000 UTC,0,Siguiri,11.414811,-9.17883,294.74,294.41,295.51,294.11,295.14,1016,98,1.7,211,2.6,,,24,801,Clouds,few clouds,02n
1786690800,2026-08-14 07:00:00 +0000 UTC,0,Siguiri,11.414811,-9.17883,294.74,294.41,295.51,294.11,295.14,1016,98,1.7,211,2.6,,,24,801,Clouds,few clouds,02d
1786694400,2026-08-14 08:00:00 +0000 UTC,0,Siguiri,11.414811,-9.17883,298.2,295.88,299.03,297.68,299,1017,87,1.93,225,2.82,,,49,802,Clouds,scattered clouds,03d
1786698000,2026-08-14 09:00:00 +0000 UTC,0,Siguiri,11.414811,-9.17883,298.2,295.88,299.03,297.68,299,1017,87,1.93,225,2.82,,,49,802,Clouds,scattered clouds,03d
1786701600,2026-08-14 10:00:00 +0000 UTC,0,Siguiri,11.414811,-9.17883,298.2,295.88,299.03,297.68,299,1017,87,1.93,225,2.82,,,49,802,Clouds,scattered clouds,03d
1786705200,2026-08-14 11:00:00 +0000 UTC,0,Siguiri,11.414811,-9.17883,303.3,295.48,306.91,302.76,303.92,1016,63,1.43,223,1.23,,,17,801,Clouds,few clouds,02d
1786708800,2026-08-14 12:00:00 +0000 UTC,0,Siguiri,11.414811,-9.17883,303.3,295.48,306.91,302.76,303.92,1016,63,1.43,223,1.23,,,17,801,Clouds,few clouds,02d
1786712400,2026-08-14 13:00:00 +0000 UTC,0,Siguiri,11.414811,-9.17883,303.3,295.48,306.91,302.76,303.92,1016,63,1.43,223,1.23,,,17,801,Clouds,few clouds,02d
1786716000,2026-08-14 14:00:00 +0000 UTC,0,Siguiri,11.414811,-9.17883,305.51,294.7,308.98,304.54,306.31,1012,53,0.91,236,1.07,,,34,802,Clouds,scattered clouds,03d
1786719600,2026-08-14 15:00:00 +0000 UTC,0,Siguiri,11.414811,-9.17883,305.51,294.7,308.98,304.54,306.31,1012,53,0.91,236,1.07,,,34,802,Clouds,scattered clouds,03d
1786723200,2026-08-14 16:00:00 +0000 UTC,0,Siguiri,11.414811,-9.17883,305.51,294.7,308.98,304.54,306.31,1012,53,0.91,236,1.07,,,34,802,Clouds,scattered clouds,03d
1786726800,2026-08-14 17:00:00 +0000 UTC,0,Siguiri,11.414811,-9.17883,302.41,297.52,307.5,301.04,303.91,1012,75,3.02,186,5.44,,,85,804,Clouds,overcast clouds,04d
1786730400,2026-08-14 18:00:00 +0000 UTC,0,Siguiri,11.414811,-9.17883,302.41,297.52,307.5,301.04,303.91,1012,75,3.02,186,5.44,,,85,804,Clouds,overcast clouds,04d
1786734000,2026-08-14 19:00:00 +0000 UTC,0,Siguiri,11.414811,-9.17883,302.41,297.52,307.5,301.04,303.91,1012,75,3.02,186,5.44,,,85,804,Clouds,overcast clouds,04n
1786737600,2026-08-14 20:00:00 +0000 UTC,0,Siguiri,11.414811,-9.17883,298.29,296.16,299.16,297.44,299.46,1014,88,2.27,201,5.8,,,73,803,Clouds,broken clouds,04n
1786741200,2026-08-14 21:00:00 +0000 UTC,0,Siguiri,11.414811,-9.17883,298.29,296.16,299.16,297.44,299.46,1014,88,2.27,201,5.8,,,73,803,Clouds,broken clouds,04n
1786744800,2026-08-14 22:00:00 +0000 UTC,0,Siguiri,11.414811,-9.17883,298.29,296.16,299.16,297.44,299.46,1014,88,2.27,201,5.8,,,73,803,Clouds,broken clouds,04n
1786748400,2026-08-14 23:00:00 +0000 UTC,0,Siguiri,11.414811,-9.17883,296.45,295.78,297.34,295.52,297.04,1015,96,1.89,162,3.25,,1,100,500,Rain,light rain,10n
1786752000,2026-08-15 00:00:00 +0000 UTC,0,Siguiri,11.414811,-9.17883,296.45,295.78,297.34,295.52,297.04,1015,96,1.89,162,3.25,,1,100,500,Rain,light rain,10n
1786755600,2026-08-15 01:00:00 +0000 UTC,0,Siguiri,11.414811,-9.17883,296.45,295.78,297.34,295.52,297.04,1015,96,1.89,162,3.25,,1,100,500,Rain,light rain,10n
1786759200,2026-08-15 02:00:00 +0000 UTC,0,Siguiri,11.414811,-9.17883,295.86,295.19,296.69,295.28,296.21,1014,96,0.55,173,0.64,,3.94,100,501,Rain,moderate rain,10n
1786762800,2026-08-15 03:00:00 +0000 UTC,0,Siguiri,11.414811,-9.17883,295.86,295.19,296.69,295.28,296.21,1014,96,0.55,173,0.64,,3.94,100,501,Rain,moderate rain,10n
1786766400,2026-08-15 04:00:00 +0000 UTC,0,Siguiri,11.414811,-9.17883,295.86,295.19,296.69,295.28,296.21,1014,96,0.55,173,0.64,,3.94,100,501,Rain,moderate rain,10n
1786770000,2026-08-15 05:00:00 +0000 UTC,0,Siguiri,11.414811,-9.17883,295.68,294.67,296.44,295.49,295.85,1014,94,0.93,238,1.03,,,100,804,Clouds,overcast clouds,04n
1786773600,2026-08-15 06:00:00 +0000 UTC,0,Siguiri,11.414811,-9.17883,295.68,294.67,296.44,295.49,295.85,1014,94,0.93,238,1.03,,,100,804,Clouds,overcast clouds,04n
1786777200,2026-08-15 07:00:00 +0000 UTC,0,Siguiri,11.414811,-9.17883,295.68,294.67,296.44,295.49,295.85,1014,94,0.93,238,1.03,,,100,804,Clouds,overcast clouds,04d
1786780800,2026-08-15 08:00:00 +0000 UTC,0,Siguiri,11.414811,-9.17883,295.45,294.61,296.22,294.68,296.04,1017,95,4.08,60,7.63,,7,100,501,Rain,moderate rain,10d
1786784400,2026-08-15 09:00:00 +0000 UTC,0,Siguiri,11.414811,-9.17883,295.45,294.61,296.22,294.68,296.04,1017,95,4.08,60,7.63,,7,100,501,Rain,moderate rain,10d
1786788000,2026-08-15 10:00:00 +0000 UTC,0,Siguiri,11.414811,-9.17883,295.45,294.61,296.22,294.68,296.04,1017,95,4.08,60,7.63,,7,100,501,Rain,moderate rain,10d
1786791600,2026-08-15 11:00:00 +0000 UTC,0,Siguiri,11.414811,-9.17883,296.1,295.08,296.91,294.68,297.54,1017,94,0.92,104,4.45,,,100,804,Clouds,overcast clouds,04d
1786795200,2026-08-15 12:00:00 +0000 UTC,0,Siguiri,11.414811,-9.17883,296.1,295.08,296.91,294.68,297.54,1017,94,0.92,104,4.45,,,100,804,Clouds,overcast clouds,04d
1786798800,2026-08-15 13:00:00 +0000 UTC,0,Siguiri,11.414811,-9.17883,296.1,295.08,296.91,294.68,297.54,1017,94,0.92,104,4.45,,,100,804,Clouds,overcast clouds,04d
1786802400,2026-08-15 14:00:00 +0000 UTC,0,Siguiri,11.414811,-9.17883,296.83,294.91,297.58,296.33,297.76,1013,89,1.62,71,4.56,,,100,804,Clouds,overcast clouds,04d
1786806000,2026-08-15 15:00:00 +0000 UTC,0,Siguiri,11.414811,-9.17883,296.83,294.91,297.58,296.33,297.76,1013,89,1.62,71,4.56,,,100,804,Clouds,overcast clouds,04d
1786809600,2026-08-15 16:00:00 +0000 UTC,0,Siguiri,11.414811,-9.17883,296.83,294.91,297.58,296.33,297.76,1013,89,1.62,71,4.56,,,100,804,Clouds,overcast clouds,04d
1786813200,2026-08-15 17:00:00 +0000 UTC,0,Siguiri,11.414811,-9.17883,297.69,296.3,298.6,296.36,298.68,1013,92,1.63,132,2.32,,,100,804,Clouds,overcast clouds,04d
1786816800,2026-08-15 18:00:00 +0000 UTC,0,Siguiri,11.414811,-9.17883,297.69,296.3,298.6,296.36,298.68,1013,92,1.63,132,2.32,,,100,804,Clouds,overcast clouds,04d
1786820400,2026-08-15 19:00:00 +0000 UTC,0,Siguiri,11.414811,-9.17883,297.69,296.3,298.6,296.36,298.68,1013,92,1.63,132,2.32,,,100,804,Clouds,overcast clouds,04n
1786824000,2026-08-15 20:00:00 +0000 UTC,0,Siguiri,11.414811,-9.17883,295.61,294.42,296.34,295.35,295.88,1015,93,0.76,152,0.81,,,100,804,Clouds,overcast clouds,04n
1786827600,2026-08-15 21:00:00 +0000 UTC,0,Siguiri,11.414811,-9.17883,295.61,294.42,296.34,295.35,295.88,1015,93,0.76,152,0.81,,,100,804,Clouds,overcast clouds,04n
1786831200,2026-08-15 22:00:00 +0000 UTC,0,Siguiri,11.414811,-9.17883,295.61,294.42,296.34,295.35,295.88,1015,93,0.76,152,0.81,,,100,804,Clouds,overcast clouds,04n
1786834800,2026-08-15 23:00:00 +0000 UTC,0,Siguiri,11.414811,-9.17883,295.48,294.64,296.25,294.82,296.35,1015,95,0.57,274,0.61,,,64,803,Clouds,broken clouds,04n
1786838400,2026-08-16 00:00:00 +0000 UTC,0,Siguiri,11.414811,-9.17883,295.48,294.64,296.25,294.82,296.35,1015,95,0.57,274,0.61,,,64,803,Clouds,broken clouds,04n
1786842000,2026-08-16 01:00:00 +0000 UTC,0,Siguiri,11.414811,-9.17883,295.48,294.64,296.25,294.82,296.35,1015,95,0.57,274,0.61,,,64,803,Clouds,broken clouds,04n
1786845600,2026-08-16 02:00:00 +0000 UTC,0,Siguiri,11.414811,-9.17883,295.32,294.31,296.05,294.92,296.44,1013,94,0.93,223,0.92,,,92,804,Clouds,overcast clouds,04n
1786849200,2026-08-16 03:00:00 +0000 UTC,0,Siguiri,11.414811,-9.17883,295.32,294.31,296.05,294.92,296.44,1013,94,0.93,223,0.92,,,92,804,Clouds,overcast clouds,04n
1786852800,2026-08-16 04:00:00 +0000 UTC,0,Siguiri,11.414811,-9.17883,295.32,294.31,296.05,294.92,296.44,1013,94,0.93,223,0.92,,,92,804,Clouds,overcast clouds,04n
1786856400,2026-08-16 05:00:00 +0000 UTC,0,Siguiri,11.414811,-9.17883,294.68,294.18,295.42,294.03,295.25,1014,97,1.66,221,1.97,,,5,800,Clear,sky is clear,01n
1786860000,2026-08-16 06:00:00 +0000 UTC,0,Siguiri,11.414811,-9.17883,294.68,294.18,295.42,294.03,295.25,1014,97,1.66,221,1.97,,,5,800,Clear,sky is clear,01n
1786863600,2026-08-16 07:00:00 +0000 UTC,0,Siguiri,11.414811,-9.17883,294.68,294.18,295.42,294.03,295.25,1014,97,1.66,221,1.97,,,5,800,Clear,sky is clear,01d
1786867200,2026-08-16 08:00:00 +0000 UTC,0,Siguiri,11.414811,-9.17883,298.37,295.08,299.09,297.59,299.59,1015,82,1.72,185,2.1,,,23,801,Clouds,few clouds,02d
1786870800,2026-08-16 09:00:00 +0000 UTC,0,Siguiri,11.414811,-9.17883,298.37,295.08,299.09,297.59,299.59,1015,82,1.72,185,2.1,,,23,801,Clouds,few clouds,02d
1786874400,2026-08-16 10:00:00 +0000 UTC,0,Siguiri,11.414811,-9.17883,298.37,295.08,299.09,297.59,299.59,1015,82,1.72,185,2.1,,,23,801,Clouds,few clouds,02d
1786878000,2026-08-16 11:00:00 +0000 UTC,0,Siguiri,11.414811,-9.17883,303.62,295.25,307.13,302.6,304.66,1014,61,1.23,181,1.26,,,12,801,Clouds,few clouds,02d
1786881600,2026-08-16 12:00:00 +0000 UTC,0,Siguiri,11.414811,-9.17883,303.62,295.25,307.13,302.6,304.66,1014,61,1.23,181,1.26,,,12,801,Clouds,few clouds,02d
1786885200,2026-08-16 13:00:00 +0000 UTC,0,Siguiri,11.414811,-9.17883,303.62,295.25,307.13,302.6,304.66,1014,61,1.23,181,1.26,,,12,801,Clouds,few clouds,02d
1786888800,2026-08-16 14:00:00 +0000 UTC,0,Siguiri,11.414811,-9.17883,304.84,294.09,307.66,303.94,305.94,1012,53,1.41,128,1.71,,,75,803,Clouds,broken clouds,04d
1786892400,2026-08-16 15:00:00 +0000 UTC,0,Siguiri,11.414811,-9.17883,304.84,294.09,307.66,303.94,305.94,1012,53,1.41,128,1.71,,,75,803,Clouds,broken clouds,04d
1786896000,2026-08-16 16:00:00 +0000 UTC,0,Siguiri,11.414811,-9.17883,304.84,294.09,307.66,303.94,305.94,1012,53,1.41,128,1.71,,,75,803,Clouds,broken clouds,04d
1786899600,2026-08-16 17:00:00 +0000 UTC,0,Siguiri,11.414811,-9.17883,301.12,297.14,305.02,300.37,302.1,1012,79,2.51,180,4.66,,,100,804,Clouds,overcast clouds,04d
1786903200,2026-08-16 18:00:00 +0000 UTC,0,Siguiri,11.414811,-9.17883,301.12,297.14,305.02,300.37,302.1,1012,79,2.51,180,4.66,,,100,804,Clouds,overcast clouds,04d
1786906800,2026-08-16 19:00:00 +0000 UTC,0,Siguiri,11.414811,-9.17883,301.12,297.14,305.02,300.37,302.1,1012,79,2.51,180,4.66,,,100,804,Clouds,overcast clouds,04n
1786910400,2026-08-16 20:00:00 +0000 UTC,0,Siguiri,11.414811,-9.17883,297.17,295.97,298.06,296.79,297.72,1014,93,1.86,234,2.14,,0.81,77,500,Rain,light rain,10n
1786914000,2026-08-16 21:00:00 +0000 UTC,0,Siguiri,11.414811,-9.17883,297.17,295.97,298.06,296.79,297.72,1014,93,1.86,234,2.14,,0.81,77,500,Rain,light rain,10n
1786917600,2026-08-16 22:00:00 +0000 UTC,0,Siguiri,11.414811,-9.17883,297.17,295.97,298.06,296.79,297.72,1014,93,1.86,234,2.14,,0.81,77,500,Rain,light rain,10n
1786921200,2026-08-16 23:00:00 +0000 UTC,0,Siguiri,11.414811,-9.17883,296.41,295.56,297.27,296.21,296.74,1014,95,2.08,235,4.03,,,100,804,Clouds,overcast clouds,04n
1786924800,2026-08-17 00:00:00 +0000 UTC,0,Siguiri,11.414811,-9.17883,296.41,295.56,297.27,296.21,296.74,1014,95,2.08,235,4.03,,,100,804,Clouds,overcast clouds,04n
1786928400,2026-08-17 01:00:00 +0000 UTC,0,Siguiri,11.414811,-9.17883,296.41,295.56,297.27,296.21,296.74,1014,95,2.08,235,4.03,,,100,804,Clouds,overcast clouds,04n
1786932000,2026-08-17 02:00:00 +0000 UTC,0,Siguiri,11.414811,-9.17883,295.9,295.23,296.74,295.8,296.02,1013,96,2.33,235,5.55,,,100,804,Clouds,overcast clouds,04n
1786935600,2026-08-17 03:00:00 +0000 UTC,0,Siguiri,11.414811,-9.17883,295.9,295.23,296.74,295.8,296.02,1013,96,2.33,235,5.55,,,100,804,Clouds,overcast clouds,04n
1786939200,2026-08-17 04:00:00 +0000 UTC,0,Siguiri,11.414811,-9.17883,295.9,295.23,296.74,295.8,296.02,1013,96,2.33,235,5.55,,,100,804,Clouds,overcast clouds,04n
1786942800,2026-08-17 05:00:00 +0000 UTC,0,Siguiri,11.414811,-9.17883,295.5,295.17,296.35,295.17,295.8,1013,98,2.26,225,7.42,,,100,804,Clouds,overcast clouds,04n
1786946400,2026-08-17 06:00:00 +0000 UTC,0,Siguiri,11.414811,-9.17883,295.5,295.17,296.35,295.17,295.8,1013,98,2.26,225,7.42,,,100,804,Clouds,overcast clouds,04n
1786950000,2026-08-17 07:00:00 +0000 UTC,0,Siguiri,11.414811,-9.17883,295.5,295.17,296.35,295.17,295.8,1013,98,2.26,225,7.42,,,100,804,Clouds,overcast clouds,04d
1786953600,2026-08-17 08:00:00 +0000 UTC,0,Siguiri,11.414811,-9.17883,298.35,295.45,299.12,298.2,298.52,1015,84,3.23,231,5.45,,,95,804,Clouds,overcast clouds,04d
1786957200,2026-08-17 09:00:00 +0000 UTC,0,Siguiri,11.414811,-9.17883,298.35,295.45,299.12,298.2,298.52,1015,84,3.23,231,5.45,,,95,804,Clouds,overcast clouds,04d
1786960800,2026-08-17 10:00:00 +0000 UTC,0,Siguiri,11.414811,-9.17883,298.35,295.45,299.12,298.2,298.52,1015,84,3.23,231,5.45,,,95,804,Clouds,overcast clouds,04d
1786964400,2026-08-17 11:00:00 +0000 UTC,0,Siguiri,11.414811,-9.17883,302.53,295.51,305.93,301.59,303.25,1014,66,2.43,244,2.13,,1,67,500,Rain,light rain,10d
1786968000,2026-08-17 12:00:00 +0000 UTC,0,Siguiri,11.414811,-9.17883,302.53,295.51,305.93,301.59,303.25,1014,66,2.43,244,2.13,,1,67,500,Rain,light rain,10d
1786971600,2026-08-17 13:00:00 +0000 UTC,0,Siguiri,11.414811,-9.17883,302.53,295.51,305.93,301.59,303.25,1014,66,2.43,244,2.13,,1,67,500,Rain,light rain,10d
1786975200,2026-08-17 14:00:00 +0000 UTC,0,Siguiri,11.414811,-9.17883,303.74,294.54,306.7,303.16,304.53,1011,58,0.9,219,1.14,,0.56,78,500,Rain,light rain,10d
1786978800,2026-08-17 15:00:00 +0000 UTC,0,Siguiri,11.414811,-9.17883,303.74,294.54,306.7,303.16,304.53,1011,58,0.9,219,1.14,,0.56,78,500,Rain,light rain,10d
1786982400,2026-08-17 16:00:00 +0000 UTC,0,Siguiri,11.414811,-9.17883,303.74,294.54,306.7,303.16,304.53,1011,58,0.9,219,1.14,,0.56,78,500,Rain,light rain,10d
1786986000,2026-08-17 17:00:00 +0000 UTC,0,Siguiri,11.414811,-9.17883,300.39,296.84,303.54,299.69,301.42,1011,81,1.32,124,1.64,,,63,803,Clouds,broken clouds,04d
1786989600,2026-08-17 18:00:00 +0000 UTC,0,Siguiri,11.414811,-9.17883,300.39,296.84,303.54,299.69,301.42,1011,81,1.32,124,1.64,,,63,803,Clouds,broken clouds,04d
1786993200,2026-08-17 19:00:00 +0000 UTC,0,Siguiri,11.414811,-9.17883,300.39,296.84,303.54,299.69,301.42,1011,81,1.32,124,1.64,,,63,803,Clouds,broken clouds,04n
1786996800,2026-08-17 20:00:00 +0000 UTC,0,Siguiri,11.414811,-9.17883,297.57,295.26,298.34,297.19,297.97,1013,87,0.43,108,0.42,,,97,804,Clouds,overcast clouds,04n
1787000400,2026-08-17 21:00:00 +0000 UTC,0,Siguiri,11.414811,-9.17883,297.57,295.26,298.34,297.19,297.97,1013,87,0.43,108,0.42,,,97,804,Clouds,overcast clouds,04n
1787004000,2026-08-17 22:00:00 +0000 UTC,0,Siguiri,11.414811,-9.17883,297.57,295.26,298.34,297.19,297.97,1013,87,0.43,108,0.42,,,97,804,Clouds,overcast clouds,04n
1787007600,2026-08-17 23:00:00 +0000 UTC,0,Siguiri,11.414811,-9.17883,296.64,295.96,297.55,296.07,297.22,1014,96,1.39,62,1.44,,,70,803,Clouds,broken clouds,04n
1787011200,2026-08-18 00:00:00 +0000 UTC,0,Siguiri,11.414811,-9.17883,296.64,295.96,297.55,296.07,297.22,1014,96,1.39,62,1.44,,,70,803,Clouds,broken clouds,04n
1787014800,2026-08-18 01:00:00 +0000 UTC,0,Siguiri,11.414811,-9.17883,296.64,295.96,297.55,296.07,297.22,1014,96,1.39,62,1.44,,,70,803,Clouds,broken clouds,04n
1787018400,2026-08-18 02:00:00 +0000 UTC,0,Siguiri,11.414811,-9.17883,296.01,295.34,296.86,295.71,296.37,1012,96,0.81,209,0.83,,2.69,99,500,Rain,light rain,10n
1787022000,2026-08-18 03:00:00 +0000 UTC,0,Siguiri,11.414811,-9.17883,296.01,295.34,296.86,295.71,296.37,1012,96,0.81,209,0.83,,2.69,99,500,Rain,light rain,10n
1787025600,2026-08-18 04:00:00 +0000 UTC,0,Siguiri,11.414811,-9.17883,296.01,295.34,296.86,295.71,296.37,1012,96,0.81,209,0.83,,2.69,99,500,Rain,light rain,10n
1787029200,2026-08-18 05:00:00 +0000 UTC,0,Siguiri,11.414811,-9.17883,295.53,294.69,296.3,294.98,296.21,1014,95,1.34,224,1.36,,,100,804,Clouds,overcast clouds,04n
1787032800,2026-08-18 06:00:00 +0000 UTC,0,Siguiri,11.414811,-9.17883,295.53,294.69,296.3,294.98,296.21,1014,95,1.34,224,1.36,,,100,804,Clouds,overcast clouds,04n
1787036400,2026-08-18 07:00:00 +0000 UTC,0,Siguiri,11.414811,-9.17883,295.53,294.69,296.3,294.98,296.21,1014,95,1.34,224,1.36,,,100,804,Clouds,overcast clouds,04d
1787040000,2026-08-18 08:00:00 +0000 UTC,0,Siguiri,11.414811,-9.17883,299.4,295.67,299.4,298.87,299.83,1015,80,0.92,186,1.4,,,82,803,Clouds,broken clouds,04d
1787043600,2026-08-18 09:00:00 +0000 UTC,0,Siguiri,11.414811,-9.17883,299.4,295.67,299.4,298.87,299.83,1015,80,0.92,186,1.4,,,82,803,Clouds,broken clouds,04d
1787047200,2026-08-18 10:00:00 +0000 UTC,0,Siguiri,11.414811,-9.17883,299.4,295.67,299.4,298.87,299.83,1015,80,0.92,186,1.4,,,82,803,Clouds,broken clouds,04d
1787050800,2026-08-18 11:00:00 +0000 UTC,0,Siguiri,11.414811,-9.17883,302.25,294.75,305.01,302.07,302.45,1014,64,1.91,125,3.2,,1,99,500,Rain,light rain,10d
1787054400,2026-08-18 12:00:00 +0000 UTC,0,Siguiri,11.414811,-9.17883,302.25,294.75,305.01,302.07,302.45,1014,64,1.91,125,3.2,,1,99,500,Rain,light rain,10d
1787058000,2026-08-18 13:00:00 +0000 UTC,0,Siguiri,11.414811,-9.17883,302.25,294.75,305.01,302.07,302.45,1014,64,1.91,125,3.2,,1,99,500,Rain,light rain,10d
1787061600,2026-08-18 14:00:00 +0000 UTC,0,Siguiri,11.414811,-9.17883,303.74,294.54,306.7,303.32,304.44,1011,58,1.81,121,2.27,,,100,804,Clouds,overcast clouds,04d
1787065200,2026-08-18 15:00:00 +0000 UTC,0,Siguiri,11.414811,-9.17883,303.74,294.54,306.7,303.32,304.44,1011,58,1.81,121,2.27,,,100,804,Clouds,overcast clouds,04d
1787068800,2026-08-18 16:00:00 +0000 UTC,0,Siguiri,11.414811,-9.17883,303.74,294.54,306.7,303.32,304.44,1011,58,1.81,121,2.27,,,100,804,Clouds,overcast clouds,04d
1787072400,2026-08-18 17:00:00 +0000 UTC,0,Siguiri,11.414811,-9.17883,301.28,295.98,304.5,300.68,301.81,1011,73,0.94,150,1.01,,,72,803,Clouds,broken clouds,04d
1787076000,2026-08-18 18:00:00 +0000 UTC,0,Siguiri,11.414811,-9.17883,301.28,295.98,304.5,300.68,301.81,1011,73,0.94,150,1.01,,,72,803,Clouds,broken clouds,04d
1787079600,2026-08-18 19:00:00 +0000 UTC,0,Siguiri,11.414811,-9.17883,301.28,295.98,304.5,300.68,301.81,1011,73,0.94,150,1.01,,,72,803,Clouds,broken clouds,04n
1787083200,2026-08-18 20:00:00 +0000 UTC,0,Siguiri,11.414811,-9.17883,298.9,294.77,299.57,298.52,299.42,1014,78,1.14,93,1.21,,,88,804,Clouds,overcast clouds,04n
1787086800,2026-08-18 21:00:00 +0000 UTC,0,Siguiri,11.414811,-9.17883,298.9,294.77,299.57,298.52,299.42,1014,78,1.14,93,1.21,,,88,804,Clouds,overcast clouds,04n
1787090400,2026-08-18 22:00:00 +0000 UTC,0,Siguiri,11.414811,-9.17883,298.9,294.77,299.57,298.52,299.42,1014,78,1.14,93,1.21,,,88,804,Clouds,overcast clouds,04n
1787094000,2026-08-18 23:00:00 +0000 UTC,0,Siguiri,11.414811,-9.17883,297.71,295.21,298.47,297.31,298.13,1015,86,1.12,199,1.13,,,42,802,Clouds,scattered clouds,03n
