dt,Date,timezone,location,lat,lon,temp,dew_point,feels_like,temp_min,temp_max,pressure,humidity,wind_speed,wind_deg,wind_gust,clouds_all,weather_id,weather_main,weather_description,weather_icon
1785974400,2026-08-06 00:00:00 +0000 UTC,3600,UCL East - One Pool Street,51.538265,-0.009753,290.49,283.39,289.92,289.14,290.94,1019,63,3.13,231,4.02,10,800,Clear,sky is clear,01n
1785978000,2026-08-06 01:00:00 +0000 UTC,3600,UCL East - One Pool Street,51.538265,-0.009753,289.62,283.26,289.05,288.02,289.83,1019,66,0.89,313,1.79,5,800,Clear,sky is clear,01n
1785981600,2026-08-06 02:00:00 +0000 UTC,3600,UCL East - One Pool Street,51.538265,-0.009753,289.01,283.12,288.43,287.47,289.27,1020,68,2.68,186,3.58,2,800,Clear,sky is clear,01n
1785985200,2026-08-06 03:00:00 +0000 UTC,3600,UCL East - One Pool Street,51.538265,-0.009753,288.5,283.49,287.97,286.91,288.89,1020,72,1.34,198,1.79,6,800,Clear,sky is clear,01n
1785988800,2026-08-06 04:00:00 +0000 UTC,3600,UCL East - One Pool Street,51.538265,-0.009753,288.32,283.1,287.75,285.8,288.72,1020,71,0.89,201,1.79,6,800,Clear,sky is clear,01n
1785992400,2026-08-06 05:00:00 +0000 UTC,3600,UCL East - One Pool Street,51.538265,-0.009753,287.76,282.98,287.18,285.25,288.16,1021,73,0.45,328,2.24,3,800,Clear,sky is clear,01d
1785996000,2026-08-06 06:00:00 +0000 UTC,3600,UCL East - One Pool Street,51.538265,-0.009753,288.01,283.22,287.46,286.91,288.16,1021,73,0.45,327,3.13,0,800,Clear,sky is clear,01d
1785999600,2026-08-06 07:00:00 +0000 UTC,3600,UCL East - One Pool Street,51.538265,-0.009753,289.29,283.39,288.74,288.58,289.44,1022,68,1.34,340,4.47,0,800,Clear,sky is clear,01d
1786003200,2026-08-06 08:00:00 +0000 UTC,3600,UCL East - One Pool Street,51.538265,-0.009753,290.56,282.97,289.95,290.38,291.36,1022,61,2.24,257,3.13,4,800,Clear,sky is clear,01d
1786006800,2026-08-06 09:00:00 +0000 UTC,3600,UCL East - One Pool Street,51.538265,-0.009753,292.21,281.85,291.5,291.62,293.02,1022,51,1.34,329,5.36,13,801,Clouds,few clouds,02d
1786010400,2026-08-06 10:00:00 +0000 UTC,3600,UCL East - One Pool Street,51.538265,-0.009753,292.57,281.29,291.82,291.91,293.29,1023,48,1.34,301,7.15,61,803,Clouds,broken clouds,04d
1786014000,2026-08-06 11:00:00 +0000 UTC,3600,UCL East - One Pool Street,51.538265,-0.009753,293.36,280.73,292.59,292.77,293.85,1023,44,5.36,204,5.81,67,803,Clouds,broken clouds,04d
1786017600,2026-08-06 12:00:00 +0000 UTC,3600,UCL East - One Pool Street,51.538265,-0.009753,293.89,280.87,293.14,293.33,294.4,1023,43,3.13,264,4.47,92,804,Clouds,overcast clouds,04d
1786021200,2026-08-06 13:00:00 +0000 UTC,3600,UCL East - One Pool Street,51.538265,-0.009753,294.78,280.98,294.07,293.89,295.38,1023,41,2.24,326,3.13,97,804,Clouds,overcast clouds,04d
1786024800,2026-08-06 14:00:00 +0000 UTC,3600,UCL East - One Pool Street,51.538265,-0.009753,295.58,280.58,294.87,294.69,296.2,1023,38,2.24,282,3.58,91,804,Clouds,overcast clouds,04d
1786028400,2026-08-06 15:00:00 +0000 UTC,3600,UCL East - One Pool Street,51.538265,-0.009753,295.38,280.4,294.65,295,296.36,1023,38,0.89,331,3.58,82,803,Clouds,broken clouds,04d
1786032000,2026-08-06 16:00:00 +0000 UTC,3600,UCL East - One Pool Street,51.538265,-0.009753,295.46,279.68,294.69,295.09,296.04,1023,36,1.79,274,2.68,82,803,Clouds,broken clouds,04d
1786035600,2026-08-06 17:00:00 +0000 UTC,3600,UCL East - One Pool Street,51.538265,-0.009753,295.9,280.07,295.17,295.25,296.75,1023,36,0.89,211,2.68,75,803,Clouds,broken clouds,04d
1786039200,2026-08-06 18:00:00 +0000 UTC,3600,UCL East - One Pool Street,51.538265,-0.009753,295.47,279.69,294.7,294.83,296.36,1023,36,0.45,340,4.47,62,803,Clouds,broken clouds,04d
1786042800,2026-08-06 19:00:00 +0000 UTC,3600,UCL East - One Pool Street,51.538265,-0.009753,294.22,279.74,293.4,293.58,294.69,1023,39,0.45,331,4.47,52,803,Clouds,broken clouds,04d
1786046400,2026-08-06 20:00:00 +0000 UTC,3600,UCL East - One Pool Street,51.538265,-0.009753,292.97,279.7,292.1,291.36,293.42,1024,42,1.34,235,1.79,79,803,Clouds,broken clouds,04n
1786050000,2026-08-06 21:00:00 +0000 UTC,3600,UCL East - One Pool Street,51.538265,-0.009753,292.21,279.69,291.32,289.69,292.6,1024,44,0.45,338,1.79,87,804,Clouds,overcast clouds,04n
1786053600,2026-08-06 22:00:00 +0000 UTC,3600,UCL East - One Pool Street,51.538265,-0.009753,291.07,279.92,290.17,288.58,291.62,1025,48,2.03,300,,70,803,Clouds,broken clouds,04n
1786057200,2026-08-06 23:00:00 +0000 UTC,3600,UCL East - One Pool Street,51.538265,-0.009753,290.24,280.6,289.39,286.91,290.55,1025,53,2.07,307,,18,801,Clouds,few clouds,02n
1786060800,2026-08-07 00:00:00 +0000 UTC,3600,UCL East - One Pool Street,51.538265,-0.009753,288.97,280.22,288.07,286.36,289.44,1025,56,2.11,299,,7,800,Clear,sky is clear,01n
1786064400,2026-08-07 01:00:00 +0000 UTC,3600,UCL East - One Pool Street,51.538265,-0.009753,288.39,280.19,287.48,286.2,288.89,1025,58,2.13,304,,3,800,Clear,sky is clear,01n
1786068000,2026-08-07 02:00:00 +0000 UTC,3600,UCL East - One Pool Street,51.538265,-0.009753,287.3,279.41,286.31,286.62,287.77,1024,59,2.24,318,,4,800,Clear,sky is clear,01n
1786071600,2026-08-07 03:00:00 +0000 UTC,3600,UCL East - One Pool Street,51.538265,-0.009753,286.75,280.08,285.84,284.69,287.22,1024,64,0.45,305,0.45,7,800,Clear,sky is clear,01n
1786075200,2026-08-07 04:00:00 +0000 UTC,3600,UCL East - One Pool Street,51.538265,-0.009753,284.43,278.75,283.39,283.64,286.49,1024,68,1.88,347,,23,801,Clouds,few clouds,02n
1786078800,2026-08-07 05:00:00 +0000 UTC,3600,UCL East - One Pool Street,51.538265,-0.009753,286.19,280.43,285.33,284.96,286.66,1024,68,1.79,19,,29,802,Clouds,scattered clouds,03d
1786082400,2026-08-07 06:00:00 +0000 UTC,3600,UCL East - One Pool Street,51.538265,-0.009753,285.92,281.8,285.24,285.8,286.04,1024,76,1.72,41,,43,802,Clouds,scattered clouds,03d
1786086000,2026-08-07 07:00:00 +0000 UTC,3600,UCL East - One Pool Street,51.538265,-0.009753,290.03,283.65,289.5,287.86,290.55,1024,66,0.45,333,0.89,39,802,Clouds,scattered clouds,03d
1786089600,2026-08-07 08:00:00 +0000 UTC,3600,UCL East - One Pool Street,51.538265,-0.009753,292.2,283.23,291.62,291.07,292.47,1024,56,0.45,16,1.79,0,800,Clear,sky is clear,01d
1786093200,2026-08-07 09:00:00 +0000 UTC,3600,UCL East - One Pool Street,51.538265,-0.009753,294.13,282.4,293.51,293.89,294.38,1024,47,1.79,95,3.58,0,800,Clear,sky is clear,01d
1786096800,2026-08-07 10:00:00 +0000 UTC,3600,UCL East - One Pool Street,51.538265,-0.009753,295.58,281.33,294.92,294.14,296.36,1024,40,2.68,198,3.13,0,800,Clear,sky is clear,01d
1786100400,2026-08-07 11:00:00 +0000 UTC,3600,UCL East - One Pool Street,51.538265,-0.009753,296.51,281.01,295.87,295.25,297.47,1024,37,0.89,181,2.68,11,801,Clouds,few clouds,02d
1786104000,2026-08-07 12:00:00 +0000 UTC,3600,UCL East - One Pool Street,51.538265,-0.009753,297.08,281.11,296.47,296.11,297.6,1023,36,0.89,181,4.47,0,800,Clear,sky is clear,01d
1786107600,2026-08-07 13:00:00 +0000 UTC,3600,UCL East - One Pool Street,51.538265,-0.009753,298.18,280.8,297.6,297.77,299.4,1023,33,2.68,124,4.47,0,800,Clear,sky is clear,01d
1786111200,2026-08-07 14:00:00 +0000 UTC,3600,UCL East - One Pool Street,51.538265,-0.009753,298.98,280.58,298.43,298.72,299.69,1022,31,0.89,305,3.13,2,800,Clear,sky is clear,01d
1786114800,2026-08-07 15:00:00 +0000 UTC,3600,UCL East - One Pool Street,51.538265,-0.009753,298.8,279.95,298.2,298.33,300.09,1022,30,0.89,217,2.68,0,800,Clear,sky is clear,01d
1786118400,2026-08-07 16:00:00 +0000 UTC,3600,UCL East - One Pool Street,51.538265,-0.009753,299.71,280.24,299.71,299.14,300.25,1022,29,0.89,323,1.34,0,800,Clear,sky is clear,01d
1786122000,2026-08-07 17:00:00 +0000 UTC,3600,UCL East - One Pool Street,51.538265,-0.009753,299.43,280.49,299.43,298.89,300.51,1021,30,0.45,49,0.89,0,800,Clear,sky is clear,01d
1786125600,2026-08-07 18:00:00 +0000 UTC,3600,UCL East - One Pool Street,51.538265,-0.009753,298.87,280.95,298.33,298.16,300.09,1021,32,1.59,208,,0,800,Clear,sky is clear,01d
1786129200,2026-08-07 19:00:00 +0000 UTC,3600,UCL East - One Pool Street,51.538265,-0.009753,297.28,282.85,296.79,296.62,297.77,1021,40,0.89,148,3.13,3,800,Clear,sky is clear,01d
1786132800,2026-08-07 20:00:00 +0000 UTC,3600,UCL East - One Pool Street,51.538265,-0.009753,294.91,283.43,294.39,293.98,295.8,1022,48,1.34,174,4.02,7,800,Clear,sky is clear,01n
1786136400,2026-08-07 21:00:00 +0000 UTC,3600,UCL East - One Pool Street,51.538265,-0.009753,293.92,283.72,293.41,292.86,294.44,1022,52,0.89,116,1.79,0,800,Clear,sky is clear,01n
1786140000,2026-08-07 22:00:00 +0000 UTC,3600,UCL East - One Pool Street,51.538265,-0.009753,292.76,283.48,292.21,291.2,293.33,1022,55,0.89,142,3.13,0,800,Clear,sky is clear,01n
1786143600,2026-08-07 23:00:00 +0000 UTC,3600,UCL East - One Pool Street,51.538265,-0.009753,292.01,283.83,291.49,290.8,292.77,1022,59,0.89,156,1.34,0,800,Clear,sky is clear,01n
1786147200,2026-08-08 00:00:00 +0000 UTC,3600,UCL East - One Pool Street,51.538265,-0.009753,290.55,283.44,289.99,289.69,291.36,1022,63,1.72,204,,0,800,Clear,sky is clear,01n
1786150800,2026-08-08 01:00:00 +0000 UTC,3600,UCL East - One Pool Street,51.538265,-0.009753,289.66,283.29,289.09,288.85,289.83,1022,66,1.55,191,,0,800,Clear,sky is clear,01n
1786154400,2026-08-08 02:00:00 +0000 UTC,3600,UCL East - One Pool Street,51.538265,-0.009753,288.88,283.21,288.31,287.47,289.27,1022,69,1.6,179,,3,800,Clear,sky is clear,01n
1786158000,2026-08-08 03:00:00 +0000 UTC,3600,UCL East - One Pool Street,51.538265,-0.009753,288.62,282.3,287.95,287.18,288.72,1021,66,0.45,173,0.89,14,801,Clouds,few clouds,02n
1786161600,2026-08-08 04:00:00 +0000 UTC,3600,UCL East - One Pool Street,51.538265,-0.009753,288.37,282.07,287.67,286.6,288.89,1021,66,1.7,170,,18,801,Clouds,few clouds,02n
1786165200,2026-08-08 05:00:00 +0000 UTC,3600,UCL East - One Pool Street,51.538265,-0.009753,286.98,282.02,286.3,286.07,287.05,1021,72,1.8,162,,0,800,Clear,sky is clear,01d
1786168800,2026-08-08 06:00:00 +0000 UTC,3600,UCL East - One Pool Street,51.538265,-0.009753,287.6,283.43,287.09,287.47,287.6,1021,76,0.45,169,0.89,0,800,Clear,sky is clear,01d
1786172400,2026-08-08 07:00:00 +0000 UTC,3600,UCL East - One Pool Street,51.538265,-0.009753,290.04,284.75,289.64,288.72,292.47,1021,71,0.89,169,2.68,0,800,Clear,sky is clear,01d
1786176000,2026-08-08 08:00:00 +0000 UTC,3600,UCL East - One Pool Street,51.538265,-0.009753,292.5,283.24,291.93,291.62,293.33,1021,55,0.89,122,1.34,0,800,Clear,sky is clear,01d
1786179600,2026-08-08 09:00:00 +0000 UTC,3600,UCL East - One Pool Street,51.538265,-0.009753,295.32,283.8,294.85,294.4,296.75,1021,48,1.34,159,4.92,24,801,Clouds,few clouds,02d
1786183200,2026-08-08 10:00:00 +0000 UTC,3600,UCL East - One Pool Street,51.538265,-0.009753,297.7,283.95,297.31,296.62,298.98,1020,42,0.89,167,3.13,45,802,Clouds,scattered clouds,03d
1786186800,2026-08-08 11:00:00 +0000 UTC,3600,UCL East - One Pool Street,51.538265,-0.009753,298.99,283.21,298.6,298.29,299.69,1020,37,2.24,211,3.13,47,802,Clouds,scattered clouds,03d
1786190400,2026-08-08 12:00:00 +0000 UTC,3600,UCL East - One Pool Street,51.538265,-0.009753,299.76,283.48,299.76,299.44,300.8,1019,36,0.89,137,4.02,58,803,Clouds,broken clouds,04d
1786194000,2026-08-08 13:00:00 +0000 UTC,3600,UCL East - One Pool Street,51.538265,-0.009753,300.47,282.8,299.9,300.38,301.75,1019,33,0.89,201,5.36,92,804,Clouds,overcast clouds,04d
1786197600,2026-08-08 14:00:00 +0000 UTC,3600,UCL East - One Pool Street,51.538265,-0.009753,300.87,281.73,300.05,300.55,301.91,1018,30,0.89,196,4.92,92,804,Clouds,overcast clouds,04d
1786201200,2026-08-08 15:00:00 +0000 UTC,3600,UCL East - One Pool Street,51.538265,-0.009753,300.87,281.73,300.05,300.55,302.18,1018,30,0.89,264,2.24,70,803,Clouds,broken clouds,04d
1786204800,2026-08-08 16:00:00 +0000 UTC,3600,UCL East - One Pool Street,51.538265,-0.009753,301.05,280.87,300.09,300.94,302.18,1017,28,1.79,165,4.47,43,802,Clouds,scattered clouds,03d
1786208400,2026-08-08 17:00:00 +0000 UTC,3600,UCL East - One Pool Street,51.538265,-0.009753,300.28,281.23,299.65,300,301.07,1017,30,1.34,148,1.79,44,802,Clouds,scattered clouds,03d
1786212000,2026-08-08 18:00:00 +0000 UTC,3600,UCL East - One Pool Street,51.538265,-0.009753,299.37,280.92,299.37,299.27,300.25,1017,31,0.45,191,2.68,49,802,Clouds,scattered clouds,03d
1786215600,2026-08-08 19:00:00 +0000 UTC,3600,UCL East - One Pool Street,51.538265,-0.009753,298.26,281.31,297.71,298.16,299.14,1017,34,1.34,185,2.68,90,804,Clouds,overcast clouds,04d
1786219200,2026-08-08 20:00:00 +0000 UTC,3600,UCL East - One Pool Street,51.538265,-0.009753,296.96,281.41,296.36,296.49,297.77,1017,37,2.24,230,3.13,100,804,Clouds,overcast clouds,04n
1786222800,2026-08-08 21:00:00 +0000 UTC,3600,UCL East - One Pool Street,51.538265,-0.009753,294.85,282.08,294.22,294.53,295.51,1017,44,2.26,161,,99,804,Clouds,overcast clouds,04n
1786226400,2026-08-08 22:00:00 +0000 UTC,3600,UCL East - One Pool Street,51.538265,-0.009753,294.95,282.17,294.33,292.47,295.55,1017,44,0.89,104,0.89,98,804,Clouds,overcast clouds,04n
1786230000,2026-08-08 23:00:00 +0000 UTC,3600,UCL East - One Pool Street,51.538265,-0.009753,292.98,282.85,292.38,290.8,293.16,1017,52,2.08,170,,69,803,Clouds,broken clouds,04n
1786233600,2026-08-09 00:00:00 +0000 UTC,3600,UCL East - One Pool Street,51.538265,-0.009753,291.46,282.54,290.81,289.53,291.49,1016,56,2.02,148,,26,802,Clouds,scattered clouds,03n
1786237200,2026-08-09 01:00:00 +0000 UTC,3600,UCL East - One Pool Street,51.538265,-0.009753,291.58,282.92,290.97,289.4,292.77,1016,57,1.52,155,,18,801,Clouds,few clouds,02n
1786240800,2026-08-09 02:00:00 +0000 UTC,3600,UCL East - One Pool Street,51.538265,-0.009753,291.02,283.4,290.46,289.4,292.22,1015,61,0.7,234,,30,802,Clouds,scattered clouds,03n
1786244400,2026-08-09 03:00:00 +0000 UTC,3600,UCL East - One Pool Street,51.538265,-0.009753,290.27,282.94,289.66,289.4,291.11,1015,62,1.22,325,,28,802,Clouds,scattered clouds,03n
1786248000,2026-08-09 04:00:00 +0000 UTC,3600,UCL East - One Pool Street,51.538265,-0.009753,289.71,282.65,289.07,288.85,290.55,1014,63,1.44,5,,16,801,Clouds,few clouds,02n
1786251600,2026-08-09 05:00:00 +0000 UTC,3600,UCL East - One Pool Street,51.538265,-0.009753,289.36,283.23,288.79,288.72,290.55,1014,67,0.96,40,,4,800,Clear,sky is clear,01d
1786255200,2026-08-09 06:00:00 +0000 UTC,3600,UCL East - One Pool Street,51.538265,-0.009753,288.61,285.55,288.35,288.02,289.35,1014,82,0.69,355,,10,800,Clear,sky is clear,01d
1786258800,2026-08-09 07:00:00 +0000 UTC,3600,UCL East - One Pool Street,51.538265,-0.009753,294.38,285.26,294.02,291.75,294.44,1014,56,0.45,296,0.89,14,801,Clouds,few clouds,02d
1786262400,2026-08-09 08:00:00 +0000 UTC,3600,UCL East - One Pool Street,51.538265,-0.009753,294.99,284.7,294.59,294.53,295,1014,52,0.85,1,,21,801,Clouds,few clouds,02d
1786266000,2026-08-09 09:00:00 +0000 UTC,3600,UCL East - One Pool Street,51.538265,-0.009753,296.74,282.37,296.2,296.49,298.02,1014,40,0.45,57,2.24,35,802,Clouds,scattered clouds,03d
1786269600,2026-08-09 10:00:00 +0000 UTC,3600,UCL East - One Pool Street,51.538265,-0.009753,299.17,281.67,299.17,298.89,300.25,1014,33,0.89,285,1.79,19,801,Clouds,few clouds,02d
1786273200,2026-08-09 11:00:00 +0000 UTC,3600,UCL East - One Pool Street,51.538265,-0.009753,301.24,281.55,300.27,300.51,302.86,1013,29,1.34,45,3.13,16,801,Clouds,few clouds,02d
1786276800,2026-08-09 12:00:00 +0000 UTC,3600,UCL East - One Pool Street,51.538265,-0.009753,301.79,281.51,300.63,301.11,303.02,1013,28,1.79,152,4.92,9,800,Clear,sky is clear,01d
1786280400,2026-08-09 13:00:00 +0000 UTC,3600,UCL East - One Pool Street,51.538265,-0.009753,303.12,281.55,301.62,302.6,305.09,1013,26,0.89,105,2.68,2,800,Clear,sky is clear,01d
1786284000,2026-08-09 14:00:00 +0000 UTC,3600,UCL East - One Pool Street,51.538265,-0.009753,304.19,281.87,302.53,303.29,305,1012,25,1.34,268,1.79,1,800,Clear,sky is clear,01d
1786287600,2026-08-09 15:00:00 +0000 UTC,3600,UCL East - One Pool Street,51.538265,-0.009753,304.25,283.06,302.73,303.72,305.8,1012,27,0.89,226,1.34,0,800,Clear,sky is clear,01d
1786291200,2026-08-09 16:00:00 +0000 UTC,3600,UCL East - One Pool Street,51.538265,-0.009753,305.11,282.64,303.43,305,305.8,1012,25,1.79,183,4.02,0,800,Clear,sky is clear,01d
1786294800,2026-08-09 17:00:00 +0000 UTC,3600,UCL East - One Pool Street,51.538265,-0.009753,304.06,282.34,302.47,303.72,305.8,1011,26,1.34,328,3.58,8,800,Clear,sky is clear,01d
1786298400,2026-08-09 18:00:00 +0000 UTC,3600,UCL East - One Pool Street,51.538265,-0.009753,303.46,281.83,301.92,303.16,304.53,1011,26,1.34,214,3.58,59,803,Clouds,broken clouds,04d
1786302000,2026-08-09 19:00:00 +0000 UTC,3600,UCL East - One Pool Street,51.538265,-0.009753,302.12,282.31,300.94,301.75,302.73,1012,29,0.89,332,2.68,53,803,Clouds,broken clouds,04d
1786305600,2026-08-09 20:00:00 +0000 UTC,3600,UCL East - One Pool Street,51.538265,-0.009753,300.25,283.05,299.8,299.96,300.38,1012,34,2.24,177,3.58,62,803,Clouds,broken clouds,04n
1786309200,2026-08-09 21:00:00 +0000 UTC,3600,UCL East - One Pool Street,51.538265,-0.009753,299.15,283.75,299.15,298.85,299.53,1013,38,2.24,206,3.58,55,803,Clouds,broken clouds,04n
1786312800,2026-08-09 22:00:00 +0000 UTC,3600,UCL East - One Pool Street,51.538265,-0.009753,298.21,284.77,297.89,298.02,298.42,1013,43,1.34,227,3.58,71,803,Clouds,broken clouds,04n
1786316400,2026-08-09 23:00:00 +0000 UTC,3600,UCL East - One Pool Street,51.538265,-0.009753,296.92,285.26,296.61,296.66,297.31,1014,48,1.34,210,2.68,10,800,Clear,sky is clear,01n
1786320000,2026-08-10 00:00:00 +0000 UTC,3600,UCL East - One Pool Street,51.538265,-0.009753,296.12,285.75,295.83,295.25,296.49,1014,52,0.89,327,4.47,0,800,Clear,sky is clear,01n
1786323600,2026-08-10 01:00:00 +0000 UTC,3600,UCL East - One Pool Street,51.538265,-0.009753,295.01,285.85,294.71,294.14,295.51,1014,56,0.89,269,1.34,9,800,Clear,sky is clear,01n
1786327200,2026-08-10 02:00:00 +0000 UTC,3600,UCL East - One Pool Street,51.538265,-0.009753,294.12,285.81,293.81,293.58,294.4,1014,59,0.89,301,1.34,26,802,Clouds,scattered clouds,03n
1786330800,2026-08-10 03:00:00 +0000 UTC,3600,UCL East - One Pool Street,51.538265,-0.009753,293.35,285.84,293.04,292.47,293.72,1015,62,1.34,244,2.68,14,801,Clouds,few clouds,02n
1786334400,2026-08-10 04:00:00 +0000 UTC,3600,UCL East - One Pool Street,51.538265,-0.009753,292.44,285.7,292.12,291.75,292.73,1015,65,0.89,331,4.47,29,802,Clouds,scattered clouds,03n
1786338000,2026-08-10 05:00:00 +0000 UTC,3600,UCL East - One Pool Street,51.538265,-0.009753,291.89,286.09,291.62,291.2,292.18,1016,69,0.89,260,1.34,75,803,Clouds,broken clouds,04d
1786341600,2026-08-10 06:00:00 +0000 UTC,3600,UCL East - One Pool Street,51.538265,-0.009753,292.1,286.73,291.9,291.75,292.22,1017,71,0.89,308,1.34,77,803,Clouds,broken clouds,04d
1786345200,2026-08-10 07:00:00 +0000 UTC,3600,UCL East - One Pool Street,51.538265,-0.009753,292.89,287.05,292.72,292.6,293.58,1017,69,1.34,294,1.79,94,804,Clouds,overcast clouds,04d
1786348800,2026-08-10 08:00:00 +0000 UTC,3600,UCL East - One Pool Street,51.538265,-0.009753,294.03,287.21,293.87,293.72,295.25,1018,65,1.79,331,5.36,92,804,Clouds,overcast clouds,04d
1786352400,2026-08-10 09:00:00 +0000 UTC,3600,UCL East - One Pool Street,51.538265,-0.009753,295.49,287.1,295.32,295.38,296.36,1018,59,1.34,351,6.26,92,804,Clouds,overcast clouds,04d
1786356000,2026-08-10 10:00:00 +0000 UTC,3600,UCL East - One Pool Street,51.538265,-0.009753,296.57,286.74,296.38,295.55,297.47,1019,54,1.34,338,5.81,98,804,Clouds,overcast clouds,04d
1786359600,2026-08-10 11:00:00 +0000 UTC,3600,UCL East - One Pool Street,51.538265,-0.009753,296.83,286.69,296.64,296.11,298.58,1019,53,1.79,342,3.13,98,804,Clouds,overcast clouds,04d
1786363200,2026-08-10 12:00:00 +0000 UTC,3600,UCL East - One Pool Street,51.538265,-0.009753,297.53,286.45,297.33,297.22,298.58,1019,50,1.34,341,4.92,99,804,Clouds,overcast clouds,04d
1786366800,2026-08-10 13:00:00 +0000 UTC,3600,UCL East - One Pool Street,51.538265,-0.009753,297.77,285.06,297.46,297.6,299.69,1020,45,0.89,348,4.92,96,804,Clouds,overcast clouds,04d
1786370400,2026-08-10 14:00:00 +0000 UTC,3600,UCL East - One Pool Street,51.538265,-0.009753,298.34,284.53,298.01,298.16,300.64,1020,42,2.24,45,4.47,83,803,Clouds,broken clouds,04d
1786374000,2026-08-10 15:00:00 +0000 UTC,3600,UCL East - One Pool Street,51.538265,-0.009753,298.87,283.89,298.52,298.72,301.2,1020,39,0.89,120,4.47,76,803,Clouds,broken clouds,04d
1786377600,2026-08-10 16:00:00 +0000 UTC,3600,UCL East - One Pool Street,51.538265,-0.009753,298.49,282.76,298.05,298.16,300.64,1020,37,2.24,37,2.68,65,803,Clouds,broken clouds,04d
1786381200,2026-08-10 17:00:00 +0000 UTC,3600,UCL East - One Pool Street,51.538265,-0.009753,298.81,285.31,298.55,298.29,300.09,1020,43,1.34,150,4.92,66,803,Clouds,broken clouds,04d
1786384800,2026-08-10 18:00:00 +0000 UTC,3600,UCL East - One Pool Street,51.538265,-0.009753,295.46,288.81,295.47,295.38,297.31,1021,66,2.24,147,5.81,67,803,Clouds,broken clouds,04d
1786388400,2026-08-10 19:00:00 +0000 UTC,3600,UCL East - One Pool Street,51.538265,-0.009753,294.03,288.36,294,293.72,295.25,1021,70,2.68,72,3.58,76,803,Clouds,broken clouds,04d
1786392000,2026-08-10 20:00:00 +0000 UTC,3600,UCL East - One Pool Street,51.538265,-0.009753,292.85,287.67,292.76,292.6,293.58,1022,72,2.68,62,4.47,80,803,Clouds,broken clouds,04n
1786395600,2026-08-10 21:00:00 +0000 UTC,3600,UCL East - One Pool Street,51.538265,-0.009753,292.13,286.32,291.89,291.62,292.47,1023,69,1.79,53,3.13,58,803,Clouds,broken clouds,04n
1786399200,2026-08-10 22:00:00 +0000 UTC,3600,UCL East - One Pool Street,51.538265,-0.009753,291.56,286,291.28,291.07,291.91,1023,70,2.68,74,3.58,2,800,Clear,sky is clear,01n
1786402800,2026-08-10 23:00:00 +0000 UTC,3600,UCL East - One Pool Street,51.538265,-0.009753,291.02,285.69,290.72,290.94,291.36,1023,71,2.68,54,4.47,1,800,Clear,sky is clear,01n
1786406400,2026-08-11 00:00:00 +0000 UTC,3600,UCL East - One Pool Street,51.538265,-0.009753,290.98,285.66,290.67,290.09,291.11,1023,71,1.79,55,2.68,19,801,Clouds,few clouds,02n
1786410000,2026-08-11 01:00:00 +0000 UTC,3600,UCL East - One Pool Street,51.538265,-0.009753,290.42,285.33,290.08,289.53,290.55,1023,72,1.34,71,1.79,19,801,Clouds,few clouds,02n
1786413600,2026-08-11 02:00:00 +0000 UTC,3600,UCL East - One Pool Street,51.538265,-0.009753,290.43,285.34,290.09,288.85,290.55,1023,72,0.89,75,0.89,25,802,Clouds,scattered clouds,03n
1786417200,2026-08-11 03:00:00 +0000 UTC,3600,UCL East - One Pool Street,51.538265,-0.009753,289.88,285.23,289.54,288.29,290,1023,74,0.45,355,0.89,25,802,Clouds,scattered clouds,03n
1786420800,2026-08-11 04:00:00 +0000 UTC,3600,UCL East - One Pool Street,51.538265,-0.009753,289.65,285.41,289.34,287.31,289.83,1023,76,0.45,27,0.89,25,802,Clouds,scattered clouds,03n
1786424400,2026-08-11 05:00:00 +0000 UTC,3600,UCL East - One Pool Street,51.538265,-0.009753,289.27,285.44,288.97,286.75,289.44,1024,78,0.89,47,1.34,7,800,Clear,sky is clear,01d
1786428000,2026-08-11 06:00:00 +0000 UTC,3600,UCL East - One Pool Street,51.538265,-0.009753,289.15,285.32,288.84,287.86,290,1024,78,1.34,47,1.79,7,800,Clear,sky is clear,01d
1786431600,2026-08-11 07:00:00 +0000 UTC,3600,UCL East - One Pool Street,51.538265,-0.009753,290.87,286.79,290.71,290.38,291.91,1024,77,0.89,150,1.79,7,800,Clear,sky is clear,01d
1786435200,2026-08-11 08:00:00 +0000 UTC,3600,UCL East - One Pool Street,51.538265,-0.009753,292.9,287.28,292.76,292.6,293.98,1024,70,1.34,142,4.92,7,800,Clear,sky is clear,01d
1786438800,2026-08-11 09:00:00 +0000 UTC,3600,UCL East - One Pool Street,51.538265,-0.009753,294.37,287.05,294.19,293.85,295.25,1024,63,1.79,157,7.6,7,800,Clear,sky is clear,01d
1786442400,2026-08-11 10:00:00 +0000 UTC,3600,UCL East - One Pool Street,51.538265,-0.009753,295.87,287.19,295.71,295.51,296.91,1024,58,2.24,155,6.26,7,800,Clear,sky is clear,01d
1786446000,2026-08-11 11:00:00 +0000 UTC,3600,UCL East - One Pool Street,51.538265,-0.009753,296.41,286.59,296.2,296.07,297.47,1024,54,2.24,163,7.15,14,801,Clouds,few clouds,02d
1786449600,2026-08-11 12:00:00 +0000 UTC,3600,UCL East - One Pool Street,51.538265,-0.009753,296.62,286.21,296.38,296.07,298.02,1024,52,3.58,62,6.26,14,801,Clouds,few clouds,02d
1786453200,2026-08-11 13:00:00 +0000 UTC,3600,UCL East - One Pool Street,51.538265,-0.009753,296.85,286.12,296.61,296.49,298.98,1024,51,2.68,71,5.81,14,801,Clouds,few clouds,02d
1786456800,2026-08-11 14:00:00 +0000 UTC,3600,UCL East - One Pool Street,51.538265,-0.009753,297.72,285.99,297.49,297.18,298.98,1023,48,2.24,153,7.15,25,802,Clouds,scattered clouds,03d
1786460400,2026-08-11 15:00:00 +0000 UTC,3600,UCL East - One Pool Street,51.538265,-0.009753,297,285.02,296.67,296.49,298.98,1023,47,3.58,120,5.81,25,802,Clouds,scattered clouds,03d
1786464000,2026-08-11 16:00:00 +0000 UTC,3600,UCL East - One Pool Street,51.538265,-0.009753,296.82,283.86,296.39,296.49,298.42,1023,44,2.68,101,5.81,25,802,Clouds,scattered clouds,03d
1786467600,2026-08-11 17:00:00 +0000 UTC,3600,UCL East - One Pool Street,51.538265,-0.009753,295.76,284.2,295.33,295.38,297.89,1023,48,2.68,78,5.81,5,800,Clear,sky is clear,01d
1786471200,2026-08-11 18:00:00 +0000 UTC,3600,UCL East - One Pool Street,51.538265,-0.009753,295.14,285.42,294.8,294.4,296.75,1023,54,2.68,103,4.47,5,800,Clear,sky is clear,01d
1786474800,2026-08-11 19:00:00 +0000 UTC,3600,UCL East - One Pool Street,51.538265,-0.009753,293.85,285.82,293.54,293.72,294.79,1023,60,1.34,142,4.47,5,800,Clear,sky is clear,01d
1786478400,2026-08-11 20:00:00 +0000 UTC,3600,UCL East - One Pool Street,51.538265,-0.009753,293.23,286.69,293.02,292.73,293.58,1024,66,1.34,60,4.47,13,801,Clouds,few clouds,02n
1786482000,2026-08-11 21:00:00 +0000 UTC,3600,UCL East - One Pool Street,51.538265,-0.009753,292.67,287.06,292.51,292.18,293.02,1024,70,1.34,70,1.79,13,801,Clouds,few clouds,02n
1786485600,2026-08-11 22:00:00 +0000 UTC,3600,UCL East - One Pool Street,51.538265,-0.009753,292.09,287.36,291.97,291.62,292.49,1024,74,0.89,44,1.34,13,801,Clouds,few clouds,02n
1786489200,2026-08-11 23:00:00 +0000 UTC,3600,UCL East - One Pool Street,51.538265,-0.009753,291.89,287.58,291.8,290.64,292.09,1023,76,1.34,45,1.79,5,800,Clear,sky is clear,01n
1786492800,2026-08-12 00:00:00 +0000 UTC,3600,UCL East - One Pool Street,51.538265,-0.009753,291.48,287.38,291.38,290.09,291.89,1023,77,0.89,36,1.79,5,800,Clear,sky is clear,01n
1786496400,2026-08-12 01:00:00 +0000 UTC,3600,UCL East - One Pool Street,51.538265,-0.009753,291.32,287.62,291.26,290.51,291.59,1023,79,3.36,88,8.82,5,800,Clear,sky is clear,01n
1786500000,2026-08-12 02:00:00 +0000 UTC,3600,UCL East - One Pool Street,51.538265,-0.009753,290.77,287.28,290.68,289.96,291.59,1023,80,0.45,28,0.89,20,801,Clouds,few clouds,02n
1786503600,2026-08-12 03:00:00 +0000 UTC,3600,UCL East - One Pool Street,51.538265,-0.009753,290.55,287.26,290.46,288.98,291.39,1023,81,2.12,82,5.06,20,801,Clouds,few clouds,02n
1786507200,2026-08-12 04:00:00 +0000 UTC,3600,UCL East - One Pool Street,51.538265,-0.009753,290.55,287.26,290.46,288.98,290.99,1023,81,0.45,143,1.79,20,801,Clouds,few clouds,02n
1786510800,2026-08-12 05:00:00 +0000 UTC,3600,UCL East - One Pool Street,51.538265,-0.009753,290.7,287.21,290.6,288.98,290.94,1023,80,2.22,86,5.24,56,803,Clouds,broken clouds,04d
1786514400,2026-08-12 06:00:00 +0000 UTC,3600,UCL East - One Pool Street,51.538265,-0.009753,290.83,287.15,290.72,289.96,291.66,1023,79,0.45,98,1.79,56,803,Clouds,broken clouds,04d
1786518000,2026-08-12 07:00:00 +0000 UTC,3600,UCL East - One Pool Street,51.538265,-0.009753,292.57,286.96,292.4,292.05,294.09,1023,70,2.68,14,3.58,56,803,Clouds,broken clouds,04d
1786521600,2026-08-12 08:00:00 +0000 UTC,3600,UCL East - One Pool Street,51.538265,-0.009753,295.14,286.77,294.94,294.27,296.29,1023,59,4.63,100,,33,802,Clouds,scattered clouds,03d
1786525200,2026-08-12 09:00:00 +0000 UTC,3600,UCL East - One Pool Street,51.538265,-0.009753,296.98,286.54,296.78,296.07,298.42,1023,52,2.24,51,2.68,33,802,Clouds,scattered clouds,03d
1786528800,2026-08-12 10:00:00 +0000 UTC,3600,UCL East - One Pool Street,51.538265,-0.009753,298.52,286.73,298.37,297.14,299.69,1023,48,4.63,80,,33,802,Clouds,scattered clouds,03d
1786532400,2026-08-12 11:00:00 +0000 UTC,3600,UCL East - One Pool Street,51.538265,-0.009753,300.68,285.1,300.31,300.14,301.91,1022,38,3.6,90,,5,800,Clear,sky is clear,01d
1786536000,2026-08-12 12:00:00 +0000 UTC,3600,UCL East - One Pool Street,51.538265,-0.009753,301.68,284.74,300.94,301.49,304.29,1022,35,1.79,64,3.13,5,800,Clear,sky is clear,01d
1786539600,2026-08-12 13:00:00 +0000 UTC,3600,UCL East - One Pool Street,51.538265,-0.009753,302.68,283.78,301.54,302.6,305.09,1022,31,1.79,54,2.68,5,800,Clear,sky is clear,01d
1786543200,2026-08-12 14:00:00 +0000 UTC,3600,UCL East - One Pool Street,51.538265,-0.009753,303.59,284.08,302.32,303.16,305.64,1021,30,0.89,151,5.36,18,801,Clouds,few clouds,02d
1786546800,2026-08-12 15:00:00 +0000 UTC,3600,UCL East - One Pool Street,51.538265,-0.009753,303.76,285.67,302.76,303.14,305.8,1021,33,4.63,100,,18,801,Clouds,few clouds,02d
1786550400,2026-08-12 16:00:00 +0000 UTC,3600,UCL East - One Pool Street,51.538265,-0.009753,303.49,285.43,302.48,303.14,305.25,1021,33,5.14,90,,18,801,Clouds,few clouds,02d
1786554000,2026-08-12 17:00:00 +0000 UTC,3600,UCL East - One Pool Street,51.538265,-0.009753,302.95,285.41,302.03,302.14,305.25,1021,34,6.17,80,,5,800,Clear,sky is clear,01d
1786557600,2026-08-12 18:00:00 +0000 UTC,3600,UCL East - One Pool Street,51.538265,-0.009753,301.16,285.12,300.63,300.94,303.58,1021,37,1.79,146,5.36,5,800,Clear,sky is clear,01d
1786561200,2026-08-12 19:00:00 +0000 UTC,3600,UCL East - One Pool Street,51.538265,-0.009753,299.59,285.29,299.59,298.98,300.8,1021,41,1.34,148,3.58,5,800,Clear,sky is clear,01d
1786564800,2026-08-12 20:00:00 +0000 UTC,3600,UCL East - One Pool Street,51.538265,-0.009753,298.11,285.37,297.84,296.75,299.14,1022,45,5.14,90,,6,800,Clear,sky is clear,01n
1786568400,2026-08-12 21:00:00 +0000 UTC,3600,UCL East - One Pool Street,51.538265,-0.009753,296.8,285.15,296.47,296.14,298.02,1022,48,4.63,80,,6,800,Clear,sky is clear,01n
1786572000,2026-08-12 22:00:00 +0000 UTC,3600,UCL East - One Pool Street,51.538265,-0.009753,295.86,286.08,295.6,293.98,296.91,1022,54,0.45,81,0.45,6,800,Clear,sky is clear,01n
1786575600,2026-08-12 23:00:00 +0000 UTC,3600,UCL East - One Pool Street,51.538265,-0.009753,294.86,287.27,294.71,294.14,295.55,1022,62,2.06,70,,0,800,Clear,sky is clear,01n
1786579200,2026-08-13 00:00:00 +0000 UTC,3600,UCL East - One Pool Street,51.538265,-0.009753,293.54,287.21,293.38,293.14,294.69,1022,67,1.54,70,,0,800,Clear,sky is clear,01n
1786582800,2026-08-13 01:00:00 +0000 UTC,3600,UCL East - One Pool Street,51.538265,-0.009753,293.08,288.1,293.03,292.14,293.89,1022,73,1.54,60,,0,800,Clear,sky is clear,01n
1786586400,2026-08-13 02:00:00 +0000 UTC,3600,UCL East - One Pool Street,51.538265,-0.009753,292.5,287.96,292.45,291.91,292.99,1022,75,1.54,60,,0,800,Clear,sky is clear,01n
1786590000,2026-08-13 03:00:00 +0000 UTC,3600,UCL East - One Pool Street,51.538265,-0.009753,291.33,287.44,291.24,290.94,292.39,1022,78,2.57,90,,0,800,Clear,sky is clear,01n
1786593600,2026-08-13 04:00:00 +0000 UTC,3600,UCL East - One Pool Street,51.538265,-0.009753,291.2,286.91,291.04,290.94,291.89,1022,76,1.27,76,1.33,0,800,Clear,sky is clear,01n
1786597200,2026-08-13 05:00:00 +0000 UTC,3600,UCL East - One Pool Street,51.538265,-0.009753,290.64,286.37,290.43,290.38,291.79,1021,76,0.89,44,0.89,5,800,Clear,sky is clear,01d
1786600800,2026-08-13 06:00:00 +0000 UTC,3600,UCL East - One Pool Street,51.538265,-0.009753,292.46,288.13,292.43,292.14,292.77,1021,76,1.54,40,,5,800,Clear,sky is clear,01d
1786604400,2026-08-13 07:00:00 +0000 UTC,3600,UCL East - One Pool Street,51.538265,-0.009753,295.51,289.09,295.55,295.25,295.69,1021,67,0.45,136,0.89,5,800,Clear,sky is clear,01d
1786608000,2026-08-13 08:00:00 +0000 UTC,3600,UCL East - One Pool Street,51.538265,-0.009753,298.37,289.25,298.44,298.33,300.59,1021,57,1.34,69,1.34,6,800,Clear,sky is clear,01d
1786611600,2026-08-13 09:00:00 +0000 UTC,3600,UCL East - One Pool Street,51.538265,-0.009753,301.65,288.91,301.78,301.36,302.31,1021,46,0.45,124,0.89,6,800,Clear,sky is clear,01d
1786615200,2026-08-13 10:00:00 +0000 UTC,3600,UCL East - One Pool Street,51.538265,-0.009753,303.61,287.7,303.14,303.33,305.64,1021,38,1.79,119,1.79,6,800,Clear,sky is clear,01d
1786618800,2026-08-13 11:00:00 +0000 UTC,3600,UCL East - One Pool Street,51.538265,-0.009753,305.88,285.53,304.69,305.55,308.39,1020,29,0.89,155,4.47,0,800,Clear,sky is clear,01d
1786622400,2026-08-13 12:00:00 +0000 UTC,3600,UCL East - One Pool Street,51.538265,-0.009753,306.01,285.64,304.84,305.14,308.42,1020,29,4.63,80,,0,800,Clear,sky is clear,01d
1786626000,2026-08-13 13:00:00 +0000 UTC,3600,UCL East - One Pool Street,51.538265,-0.009753,306.68,285.12,305.38,306.07,309.53,1020,27,3.6,80,,0,800,Clear,sky is clear,01d
1786629600,2026-08-13 14:00:00 +0000 UTC,3600,UCL East - One Pool Street,51.538265,-0.009753,307.48,284.02,305.93,307.05,310.09,1018,24,5.66,100,,2,800,Clear,sky is clear,01d
1786633200,2026-08-13 15:00:00 +0000 UTC,3600,UCL East - One Pool Street,51.538265,-0.009753,308.03,284.48,306.59,307.6,309.53,1018,24,2.24,163,5.81,2,800,Clear,sky is clear,01d
1786636800,2026-08-13 16:00:00 +0000 UTC,3600,UCL East - One Pool Street,51.538265,-0.009753,307.62,284.75,306.24,307.14,309.29,1018,25,6.69,90,,2,800,Clear,sky is clear,01d
1786640400,2026-08-13 17:00:00 +0000 UTC,3600,UCL East - One Pool Street,51.538265,-0.009753,305.75,285.42,304.54,305.14,308.49,1018,29,6.17,90,,5,800,Clear,sky is clear,01d
1786644000,2026-08-13 18:00:00 +0000 UTC,3600,UCL East - One Pool Street,51.538265,-0.009753,304.52,284.88,303.27,304.14,306.91,1018,30,6.69,90,,5,800,Clear,sky is clear,01d
1786647600,2026-08-13 19:00:00 +0000 UTC,3600,UCL East - One Pool Street,51.538265,-0.009753,303.16,285.14,302.15,302.6,305.8,1018,33,4.63,80,,5,800,Clear,sky is clear,01d
1786651200,2026-08-13 20:00:00 +0000 UTC,3600,UCL East - One Pool Street,51.538265,-0.009753,301.37,285.72,300.87,300.94,302.47,1019,38,2.5,225,5.64,2,800,Clear,sky is clear,01n
1786654800,2026-08-13 21:00:00 +0000 UTC,3600,UCL East - One Pool Street,51.538265,-0.009753,299.27,286.42,299.27,298.29,300.55,1019,45,2.06,80,,2,800,Clear,sky is clear,01n
1786658400,2026-08-13 22:00:00 +0000 UTC,3600,UCL East - One Pool Street,51.538265,-0.009753,297.76,288.13,297.71,296.75,300.49,1019,55,0.51,70,,2,800,Clear,sky is clear,01n
1786662000,2026-08-13 23:00:00 +0000 UTC,3600,UCL East - One Pool Street,51.538265,-0.009753,298.98,283.99,298.64,298.02,299.89,1019,39,2.57,220,,100,804,Clouds,overcast clouds,04n
1786665600,2026-08-14 00:00:00 +0000 UTC,3600,UCL East - One Pool Street,51.538265,-0.009753,297.48,283.03,297.01,297.05,298.79,1019,40,1.54,200,,100,804,Clouds,overcast clouds,04n
1786669200,2026-08-14 01:00:00 +0000 UTC,3600,UCL East - One Pool Street,51.538265,-0.009753,296.37,284.12,295.95,295.94,297.79,1019,46,1.54,230,,100,804,Clouds,overcast clouds,04n
1786672800,2026-08-14 02:00:00 +0000 UTC,3600,UCL East - One Pool Street,51.538265,-0.009753,295.37,284.16,294.93,295.25,296.89,1018,49,1.87,266,2.81,50,802,Clouds,scattered clouds,03n
1786676400,2026-08-14 03:00:00 +0000 UTC,3600,UCL East - One Pool Street,51.538265,-0.009753,294.86,284.87,294.47,294.53,296.09,1018,53,1.87,266,2.81,50,802,Clouds,scattered clouds,03n
1786680000,2026-08-14 04:00:00 +0000 UTC,3600,UCL East - One Pool Street,51.538265,-0.009753,294.73,285.31,294.38,293.72,296.11,1018,55,2.06,220,,50,802,Clouds,scattered clouds,03n
1786683600,2026-08-14 05:00:00 +0000 UTC,3600,UCL East - One Pool Street,51.538265,-0.009753,293.72,285.69,293.4,293.42,294.4,1018,60,1.91,315,3.6,5,800,Clear,sky is clear,01d
1786687200,2026-08-14 06:00:00 +0000 UTC,3600,UCL East - One Pool Street,51.538265,-0.009753,294.1,287.28,293.95,293.98,294.39,1018,65,1.91,315,3.6,5,800,Clear,sky is clear,01d
1786690800,2026-08-14 07:00:00 +0000 UTC,3600,UCL East - One Pool Street,51.538265,-0.009753,297.57,288.51,297.56,295.69,297.77,1018,57,0.89,221,1.79,5,800,Clear,sky is clear,01d
1786694400,2026-08-14 08:00:00 +0000 UTC,3600,UCL East - One Pool Street,51.538265,-0.009753,298.74,289.04,298.79,297.86,299.44,1018,55,3.09,340,,8,800,Clear,sky is clear,01d
1786698000,2026-08-14 09:00:00 +0000 UTC,3600,UCL East - One Pool Street,51.538265,-0.009753,301.34,289.94,301.82,300.19,301.49,1018,50,0.89,5,3.13,8,800,Clear,sky is clear,01d
1786701600,2026-08-14 10:00:00 +0000 UTC,3600,UCL East - One Pool Street,51.538265,-0.009753,302.3,289.5,302.53,301.62,303.02,1018,46,1.79,263,1.79,8,800,Clear,sky is clear,01d
1786705200,2026-08-14 11:00:00 +0000 UTC,3600,UCL East - One Pool Street,51.538265,-0.009753,304.55,290.1,304.92,303.29,305.09,1016,42,1.34,187,2.68,84,803,Clouds,broken clouds,04d
1786708800,2026-08-14 12:00:00 +0000 UTC,3600,UCL East - One Pool Street,51.538265,-0.009753,305.15,289.47,305.25,304.83,306.2,1016,39,0.89,331,3.13,84,803,Clouds,broken clouds,04d
1786712400,2026-08-14 13:00:00 +0000 UTC,3600,UCL East - One Pool Street,51.538265,-0.009753,306.11,288.17,305.72,305.94,307.47,1016,34,3.09,210,,84,803,Clouds,broken clouds,04d
1786716000,2026-08-14 14:00:00 +0000 UTC,3600,UCL East - One Pool Street,51.538265,-0.009753,306.4,287.96,305.94,305.94,307.86,1015,33,2.57,0,,68,803,Clouds,broken clouds,04d
1786719600,2026-08-14 15:00:00 +0000 UTC,3600,UCL East - One Pool Street,51.538265,-0.009753,307.18,287.67,306.65,306.49,308.33,1015,31,3.6,250,,68,803,Clouds,broken clouds,04d
1786723200,2026-08-14 16:00:00 +0000 UTC,3600,UCL East - One Pool Street,51.538265,-0.009753,306.94,287.95,306.51,306.49,308.58,1015,32,3.09,0,,68,803,Clouds,broken clouds,04d
1786726800,2026-08-14 17:00:00 +0000 UTC,3600,UCL East - One Pool Street,51.538265,-0.009753,306.92,287.93,306.48,306.49,308.29,1014,32,1.79,307,3.13,7,800,Clear,sky is clear,01d
1786730400,2026-08-14 18:00:00 +0000 UTC,3600,UCL East - One Pool Street,51.538265,-0.009753,306.23,288.28,305.89,305.89,307.31,1014,34,3.6,260,,7,800,Clear,sky is clear,01d
1786734000,2026-08-14 19:00:00 +0000 UTC,3600,UCL East - One Pool Street,51.538265,-0.009753,304.56,287.7,304.02,304.27,305.51,1014,36,2.57,300,,7,800,Clear,sky is clear,01d
1786737600,2026-08-14 20:00:00 +0000 UTC,3600,UCL East - One Pool Street,51.538265,-0.009753,302.63,288.75,302.58,300.51,303.19,1015,43,0.89,99,3.58,58,803,Clouds,broken clouds,04n
1786741200,2026-08-14 21:00:00 +0000 UTC,3600,UCL East - One Pool Street,51.538265,-0.009753,298.08,288.14,298.04,297.14,299.19,1015,54,5.14,80,,58,803,Clouds,broken clouds,04n
1786744800,2026-08-14 22:00:00 +0000 UTC,3600,UCL East - One Pool Street,51.538265,-0.009753,297.53,287.91,297.46,296.62,298.29,1015,55,3.6,70,,58,803,Clouds,broken clouds,04n
1786748400,2026-08-14 23:00:00 +0000 UTC,3600,UCL East - One Pool Street,51.538265,-0.009753,297.12,288.36,297.09,296.2,297.99,1016,58,2.57,70,,98,804,Clouds,overcast clouds,04n
1786752000,2026-08-15 00:00:00 +0000 UTC,3600,UCL East - One Pool Street,51.538265,-0.009753,296.84,288.62,296.83,295.64,297.39,1016,60,1.54,10,,98,804,Clouds,overcast clouds,04n
1786755600,2026-08-15 01:00:00 +0000 UTC,3600,UCL East - One Pool Street,51.538265,-0.009753,296.6,288.65,296.59,295.51,297.39,1016,61,1.54,350,,98,804,Clouds,overcast clouds,04n
1786759200,2026-08-15 02:00:00 +0000 UTC,3600,UCL East - One Pool Street,51.538265,-0.009753,296.18,288.51,296.16,295.64,296.99,1016,62,2.68,70,3.13,100,804,Clouds,overcast clouds,04n
1786762800,2026-08-15 03:00:00 +0000 UTC,3600,UCL East - One Pool Street,51.538265,-0.009753,295.86,288.7,295.86,295.25,296.14,1016,64,3.6,350,,100,804,Clouds,overcast clouds,04n
1786766400,2026-08-15 04:00:00 +0000 UTC,3600,UCL East - One Pool Street,51.538265,-0.009753,294.81,287.71,294.7,294.44,295.14,1016,64,4.12,350,,100,804,Clouds,overcast clouds,04n
1786770000,2026-08-15 05:00:00 +0000 UTC,3600,UCL East - One Pool Street,51.538265,-0.009753,293.87,286.82,293.67,293.58,294.14,1017,64,3.09,350,,40,802,Clouds,scattered clouds,03d
1786773600,2026-08-15 06:00:00 +0000 UTC,3600,UCL East - One Pool Street,51.538265,-0.009753,293.47,287.15,293.31,293.14,293.72,1017,67,3.6,0,,40,802,Clouds,scattered clouds,03d
1786777200,2026-08-15 07:00:00 +0000 UTC,3600,UCL East - One Pool Street,51.538265,-0.009753,293.22,288.02,293.16,293.14,293.58,1017,72,3.09,350,,40,802,Clouds,scattered clouds,03d
1786780800,2026-08-15 08:00:00 +0000 UTC,3600,UCL East - One Pool Street,51.538265,-0.009753,294.46,289.43,294.55,293.85,295.25,1017,73,3.09,360,,45,802,Clouds,scattered clouds,03d
1786784400,2026-08-15 09:00:00 +0000 UTC,3600,UCL East - One Pool Street,51.538265,-0.009753,296.36,290.59,296.56,295.14,297.47,1017,70,3.6,10,,45,802,Clouds,scattered clouds,03d
1786788000,2026-08-15 10:00:00 +0000 UTC,3600,UCL East - One Pool Street,51.538265,-0.009753,298.11,290.33,298.28,297.14,299.14,1017,62,4.12,30,,45,802,Clouds,scattered clouds,03d
1786791600,2026-08-15 11:00:00 +0000 UTC,3600,UCL East - One Pool Street,51.538265,-0.009753,299.03,289.59,299.14,298.29,300.39,1017,56,1.34,9,5.36,63,803,Clouds,broken clouds,04d
1786795200,2026-08-15 12:00:00 +0000 UTC,3600,UCL East - One Pool Street,51.538265,-0.009753,299.63,288.98,299.63,299.27,300.8,1017,52,1.34,15,6.26,63,803,Clouds,broken clouds,04d
1786798800,2026-08-15 13:00:00 +0000 UTC,3600,UCL East - One Pool Street,51.538265,-0.009753,299.77,288.81,299.77,299.4,301.19,1017,51,1.34,27,4.92,63,803,Clouds,broken clouds,04d
1786802400,2026-08-15 14:00:00 +0000 UTC,3600,UCL East - One Pool Street,51.538265,-0.009753,300.13,288.83,300.55,298.85,300.8,1016,50,3.09,0,,83,803,Clouds,broken clouds,04d
1786806000,2026-08-15 15:00:00 +0000 UTC,3600,UCL East - One Pool Street,51.538265,-0.009753,299.68,289.91,299.68,299.27,300.55,1016,55,0.89,123,4.47,83,803,Clouds,broken clouds,04d
1786809600,2026-08-15 16:00:00 +0000 UTC,3600,UCL East - One Pool Street,51.538265,-0.009753,298.76,289.61,298.86,298.14,300.29,1016,57,4.12,80,,83,803,Clouds,broken clouds,04d
1786813200,2026-08-15 17:00:00 +0000 UTC,3600,UCL East - One Pool Street,51.538265,-0.009753,298.9,289.19,298.97,297.73,299.89,1016,55,3.6,50,,100,804,Clouds,overcast clouds,04d
1786816800,2026-08-15 18:00:00 +0000 UTC,3600,UCL East - One Pool Street,51.538265,-0.009753,297.96,290.19,298.12,297.14,298.69,1016,62,4.12,90,,100,804,Clouds,overcast clouds,04d
1786820400,2026-08-15 19:00:00 +0000 UTC,3600,UCL East - One Pool Street,51.538265,-0.009753,296.64,290.16,296.79,295.51,298.02,1016,67,5.14,100,,100,804,Clouds,overcast clouds,04d
1786824000,2026-08-15 20:00:00 +0000 UTC,3600,UCL East - One Pool Street,51.538265,-0.009753,295.09,290.88,295.35,294.14,296.39,1018,77,5.66,100,,71,803,Clouds,broken clouds,04n
1786827600,2026-08-15 21:00:00 +0000 UTC,3600,UCL East - One Pool Street,51.538265,-0.009753,294.27,290.08,294.45,293.29,294.89,1018,77,4.12,100,,71,803,Clouds,broken clouds,04n
1786831200,2026-08-15 22:00:00 +0000 UTC,3600,UCL East - One Pool Street,51.538265,-0.009753,293.65,289.89,293.82,292.73,294.69,1018,79,4.12,80,,71,803,Clouds,broken clouds,04n
1786834800,2026-08-15 23:00:00 +0000 UTC,3600,UCL East - One Pool Street,51.538265,-0.009753,293.23,289.67,293.38,292.18,294.14,1019,80,4.12,80,,42,500,Rain,light rain,10n
1786838400,2026-08-16 00:00:00 +0000 UTC,3600,UCL East - One Pool Street,51.538265,-0.009753,292.53,289.19,292.64,291.62,293.02,1019,81,3.6,80,,42,500,Rain,light rain,10n
1786842000,2026-08-16 01:00:00 +0000 UTC,3600,UCL East - One Pool Street,51.538265,-0.009753,292.13,288.8,292.2,291.07,292.47,1019,81,1.54,50,,42,500,Rain,light rain,10n
1786845600,2026-08-16 02:00:00 +0000 UTC,3600,UCL East - One Pool Street,51.538265,-0.009753,291.86,288.54,291.9,290.51,292.22,1018,81,1.54,40,,58,803,Clouds,broken clouds,04n
1786849200,2026-08-16 03:00:00 +0000 UTC,3600,UCL East - One Pool Street,51.538265,-0.009753,291.19,288.45,291.24,289.96,292.09,1018,84,1.54,340,,58,803,Clouds,broken clouds,04n
1786852800,2026-08-16 04:00:00 +0000 UTC,3600,UCL East - One Pool Street,51.538265,-0.009753,290.91,287.99,290.91,289.4,291.89,1018,83,1.54,20,,58,803,Clouds,broken clouds,04n
1786856400,2026-08-16 05:00:00 +0000 UTC,3600,UCL East - One Pool Street,51.538265,-0.009753,290.75,287.83,290.73,289.4,291.39,1018,83,1.54,40,,65,803,Clouds,broken clouds,04d
1786860000,2026-08-16 06:00:00 +0000 UTC,3600,UCL East - One Pool Street,51.538265,-0.009753,290.76,287.46,290.69,289.4,291.14,1018,81,1.54,350,,65,803,Clouds,broken clouds,04d
1786863600,2026-08-16 07:00:00 +0000 UTC,3600,UCL East - One Pool Street,51.538265,-0.009753,291.07,287.18,290.95,290.51,291.91,1018,78,1.54,30,,65,803,Clouds,broken clouds,04d
1786867200,2026-08-16 08:00:00 +0000 UTC,3600,UCL East - One Pool Street,51.538265,-0.009753,292.54,288.41,292.55,291.62,293.49,1018,77,1.03,0,,99,804,Clouds,overcast clouds,04d
1786870800,2026-08-16 09:00:00 +0000 UTC,3600,UCL East - One Pool Street,51.538265,-0.009753,294.36,289.12,294.42,293.85,294.69,1018,72,0.45,31,1.79,99,804,Clouds,overcast clouds,04d
1786874400,2026-08-16 10:00:00 +0000 UTC,3600,UCL East - One Pool Street,51.538265,-0.009753,295.51,288.85,295.52,294.96,296.2,1018,66,1.54,190,,99,804,Clouds,overcast clouds,04d
1786878000,2026-08-16 11:00:00 +0000 UTC,3600,UCL East - One Pool Street,51.538265,-0.009753,296.59,288.39,296.56,296.11,297.31,1018,60,2.06,240,,100,500,Rain,light rain,10d
1786881600,2026-08-16 12:00:00 +0000 UTC,3600,UCL East - One Pool Street,51.538265,-0.009753,297.16,288.39,297.13,297.05,298.02,1018,58,2.06,220,,100,500,Rain,light rain,10d
1786885200,2026-08-16 13:00:00 +0000 UTC,3600,UCL East - One Pool Street,51.538265,-0.009753,298.06,288.41,298.04,297.77,298.49,1018,55,3.09,220,,100,500,Rain,light rain,10d
1786888800,2026-08-16 14:00:00 +0000 UTC,3600,UCL East - One Pool Street,51.538265,-0.009753,298.74,288.46,298.74,298.14,299.53,1017,53,2.57,250,,99,804,Clouds,overcast clouds,04d
1786892400,2026-08-16 15:00:00 +0000 UTC,3600,UCL East - One Pool Street,51.538265,-0.009753,299.16,287.94,299.16,298.89,299.69,1017,50,2.57,260,,99,804,Clouds,overcast clouds,04d
1786896000,2026-08-16 16:00:00 +0000 UTC,3600,UCL East - One Pool Street,51.538265,-0.009753,299.17,287.95,299.17,298.89,299.69,1017,50,2.06,250,,99,804,Clouds,overcast clouds,04d
1786899600,2026-08-16 17:00:00 +0000 UTC,3600,UCL East - One Pool Street,51.538265,-0.009753,299.3,288.38,299.3,298.85,299.69,1016,51,3.09,250,,100,804,Clouds,overcast clouds,04d
1786903200,2026-08-16 18:00:00 +0000 UTC,3600,UCL East - One Pool Street,51.538265,-0.009753,299.14,288.53,299.14,298.49,299.27,1016,52,4.63,270,,100,804,Clouds,overcast clouds,04d
1786906800,2026-08-16 19:00:00 +0000 UTC,3600,UCL East - One Pool Street,51.538265,-0.009753,298.05,287.82,297.98,297.73,298.16,1016,53,4.12,250,,100,804,Clouds,overcast clouds,04d
1786910400,2026-08-16 20:00:00 +0000 UTC,3600,UCL East - One Pool Street,51.538265,-0.009753,297.63,288.01,297.57,296.59,298.14,1016,55,3.09,270,,100,500,Rain,light rain,10n
1786914000,2026-08-16 21:00:00 +0000 UTC,3600,UCL East - One Pool Street,51.538265,-0.009753,296.71,289.01,296.74,295.89,297.05,1016,62,6.17,240,,100,500,Rain,light rain,10n
1786917600,2026-08-16 22:00:00 +0000 UTC,3600,UCL East - One Pool Street,51.538265,-0.009753,296.05,288.88,296.07,295.29,296.36,1016,64,4.63,240,,100,500,Rain,light rain,10n
1786921200,2026-08-16 23:00:00 +0000 UTC,3600,UCL East - One Pool Street,51.538265,-0.009753,295.08,288.91,295.1,294.44,295.38,1016,68,3.6,250,,100,500,Rain,light rain,10n
1786924800,2026-08-17 00:00:00 +0000 UTC,3600,UCL East - One Pool Street,51.538265,-0.009753,294.83,286.99,294.65,293.85,295.55,1016,61,1.03,0,,100,500,Rain,light rain,10n
1786928400,2026-08-17 01:00:00 +0000 UTC,3600,UCL East - One Pool Street,51.538265,-0.009753,294.03,286.97,293.84,293.49,294.44,1016,64,1.54,0,,100,500,Rain,light rain,10n
1786932000,2026-08-17 02:00:00 +0000 UTC,3600,UCL East - One Pool Street,51.538265,-0.009753,293.74,285.71,293.42,292.86,294.44,1016,60,1.34,254,2.68,100,804,Clouds,overcast clouds,04n
1786935600,2026-08-17 03:00:00 +0000 UTC,3600,UCL East - One Pool Street,51.538265,-0.009753,293.44,284.92,293.04,292.73,294.14,1016,58,2.57,280,,100,804,Clouds,overcast clouds,04n
1786939200,2026-08-17 04:00:00 +0000 UTC,3600,UCL East - One Pool Street,51.538265,-0.009753,292.77,284.03,292.28,291.62,293.14,1016,57,2.06,290,,100,804,Clouds,overcast clouds,04n
1786942800,2026-08-17 05:00:00 +0000 UTC,3600,UCL East - One Pool Street,51.538265,-0.009753,292.52,286.01,292.24,291.62,292.77,1016,66,2.06,30,,100,804,Clouds,overcast clouds,04d
1786946400,2026-08-17 06:00:00 +0000 UTC,3600,UCL East - One Pool Street,51.538265,-0.009753,292.25,286.66,292.04,291.07,292.77,1016,70,1.54,50,,100,804,Clouds,overcast clouds,04d
1786950000,2026-08-17 07:00:00 +0000 UTC,3600,UCL East - One Pool Street,51.538265,-0.009753,292.95,285.95,292.66,292.31,293.58,1016,64,2.57,290,,100,804,Clouds,overcast clouds,04d
1786953600,2026-08-17 08:00:00 +0000 UTC,3600,UCL East - One Pool Street,51.538265,-0.009753,293.66,286.14,293.39,293.14,294.69,1016,62,3.09,330,,79,803,Clouds,broken clouds,04d
1786957200,2026-08-17 09:00:00 +0000 UTC,3600,UCL East - One Pool Street,51.538265,-0.009753,295.16,285.71,294.85,294.14,296.36,1016,55,2.06,0,,79,803,Clouds,broken clouds,04d
1786960800,2026-08-17 10:00:00 +0000 UTC,3600,UCL East - One Pool Street,51.538265,-0.009753,296.52,285.82,296.24,296.07,298.02,1016,51,2.57,280,,79,803,Clouds,broken clouds,04d
1786964400,2026-08-17 11:00:00 +0000 UTC,3600,UCL East - One Pool Street,51.538265,-0.009753,297.91,286.79,297.75,297.6,298.58,1016,50,0.89,315,1.79,100,804,Clouds,overcast clouds,04d
1786968000,2026-08-17 12:00:00 +0000 UTC,3600,UCL East - One Pool Street,51.538265,-0.009753,298.37,286.59,298.2,298.14,298.98,1016,48,1.34,131,2.68,100,804,Clouds,overcast clouds,04d
1786971600,2026-08-17 13:00:00 +0000 UTC,3600,UCL East - One Pool Street,51.538265,-0.009753,299.34,287.15,299.34,299.14,300.25,1016,47,2.57,290,,100,804,Clouds,overcast clouds,04d
1786975200,2026-08-17 14:00:00 +0000 UTC,3600,UCL East - One Pool Street,51.538265,-0.009753,299.2,287.02,299.2,298.89,300.25,1015,47,2.57,0,,100,804,Clouds,overcast clouds,04d
1786978800,2026-08-17 15:00:00 +0000 UTC,3600,UCL East - One Pool Street,51.538265,-0.009753,299.5,287.29,299.5,299.14,300.8,1015,47,1.54,0,,100,804,Clouds,overcast clouds,04d
1786982400,2026-08-17 16:00:00 +0000 UTC,3600,UCL East - One Pool Street,51.538265,-0.009753,299.96,287.04,300.12,299.83,301.07,1015,45,2.57,270,,100,804,Clouds,overcast clouds,04d
1786986000,2026-08-17 17:00:00 +0000 UTC,3600,UCL East - One Pool Street,51.538265,-0.009753,299.85,287.28,300.09,299.14,300.64,1014,46,2.06,330,,63,803,Clouds,broken clouds,04d
1786989600,2026-08-17 18:00:00 +0000 UTC,3600,UCL East - One Pool Street,51.538265,-0.009753,298.52,289.39,298.6,298.14,300.09,1014,57,4.12,90,,63,803,Clouds,broken clouds,04d
1786993200,2026-08-17 19:00:00 +0000 UTC,3600,UCL East - One Pool Street,51.538265,-0.009753,297.91,289.63,298.01,297.14,299.69,1014,60,4.12,80,,63,803,Clouds,broken clouds,04d
1786996800,2026-08-17 20:00:00 +0000 UTC,3600,UCL East - One Pool Street,51.538265,-0.009753,297.17,289.94,297.3,296.62,298.58,1014,64,3.09,80,,49,802,Clouds,scattered clouds,03n
1787000400,2026-08-17 21:00:00 +0000 UTC,3600,UCL East - One Pool Street,51.538265,-0.009753,296.8,288.84,296.81,296.07,298.02,1014,61,1.03,0,,49,802,Clouds,scattered clouds,03n
1787004000,2026-08-17 22:00:00 +0000 UTC,3600,UCL East - One Pool Street,51.538265,-0.009753,296.63,286.51,296.42,295.94,297.47,1014,53,5.14,230,,49,802,Clouds,scattered clouds,03n
1787007600,2026-08-17 23:00:00 +0000 UTC,3600,UCL East - One Pool Street,51.538265,-0.009753,296.3,287.59,296.19,295.64,296.49,1013,58,6.17,240,,100,804,Clouds,overcast clouds,04n
1787011200,2026-08-18 00:00:00 +0000 UTC,3600,UCL East - One Pool Street,51.538265,-0.009753,295.21,287.6,295.09,293.99,295.38,1013,62,4.63,240,,100,804,Clouds,overcast clouds,04n
1787014800,2026-08-18 01:00:00 +0000 UTC,3600,UCL East - One Pool Street,51.538265,-0.009753,294.79,286.7,294.58,293.59,295.14,1013,60,5.66,250,,100,804,Clouds,overcast clouds,04n
1787018400,2026-08-18 02:00:00 +0000 UTC,3600,UCL East - One Pool Street,51.538265,-0.009753,294.14,285.31,293.78,293.19,294.27,1012,57,6.17,260,,100,500,Rain,light rain,10n
1787022000,2026-08-18 03:00:00 +0000 UTC,3600,UCL East - One Pool Street,51.538265,-0.009753,293.12,287.27,292.97,292.47,293.42,1012,69,5.66,290,,100,500,Rain,light rain,10n
1787025600,2026-08-18 04:00:00 +0000 UTC,3600,UCL East - One Pool Street,51.538265,-0.009753,291.72,288.01,291.7,291.07,292.14,1012,79,5.66,270,,100,500,Rain,light rain,10n
1787029200,2026-08-18 05:00:00 +0000 UTC,3600,UCL East - One Pool Street,51.538265,-0.009753,291.86,287.95,291.82,291.07,292.39,1011,78,4.63,230,,100,804,Clouds,overcast clouds,04d
1787032800,2026-08-18 06:00:00 +0000 UTC,3600,UCL East - One Pool Street,51.538265,-0.009753,292.8,289.06,292.88,292.18,293.14,1011,79,6.17,250,,100,804,Clouds,overcast clouds,04d
1787036400,2026-08-18 07:00:00 +0000 UTC,3600,UCL East - One Pool Street,51.538265,-0.009753,293.21,289.46,293.33,292.73,293.58,1011,79,4.63,230,,100,804,Clouds,overcast clouds,04d
1787040000,2026-08-18 08:00:00 +0000 UTC,3600,UCL East - One Pool Street,51.538265,-0.009753,293.88,290.31,294.1,293.29,294.14,1012,80,4.63,240,,100,500,Rain,light rain,10d
1787043600,2026-08-18 09:00:00 +0000 UTC,3600,UCL East - One Pool Street,51.538265,-0.009753,294.14,290.36,294.36,293.59,294.27,1012,79,5.14,240,,100,500,Rain,light rain,10d
1787047200,2026-08-18 10:00:00 +0000 UTC,3600,UCL East - One Pool Street,51.538265,-0.009753,294.71,290.71,294.96,294.14,295.25,1012,78,4.12,250,,100,500,Rain,light rain,10d
1787050800,2026-08-18 11:00:00 +0000 UTC,3600,UCL East - One Pool Street,51.538265,-0.009753,296.29,290.75,296.51,295.51,296.49,1011,71,4.63,250,,100,804,Clouds,overcast clouds,04d
1787054400,2026-08-18 12:00:00 +0000 UTC,3600,UCL East - One Pool Street,51.538265,-0.009753,296.48,290.24,296.64,296.14,297.31,1011,68,5.14,240,,100,804,Clouds,overcast clouds,04d
1787058000,2026-08-18 13:00:00 +0000 UTC,3600,UCL East - One Pool Street,51.538265,-0.009753,297.39,289.65,297.49,297.14,297.99,1011,62,6.17,270,,100,804,Clouds,overcast clouds,04d
1787061600,2026-08-18 14:00:00 +0000 UTC,3600,UCL East - One Pool Street,51.538265,-0.009753,298.87,288.28,298.86,298.58,299.14,1009,52,5.66,250,,100,804,Clouds,overcast clouds,04d
1787065200,2026-08-18 15:00:00 +0000 UTC,3600,UCL East - One Pool Street,51.538265,-0.009753,298.75,287.56,298.67,298.29,299.4,1009,50,5.66,250,,100,804,Clouds,overcast clouds,04d
1787068800,2026-08-18 16:00:00 +0000 UTC,3600,UCL East - One Pool Street,51.538265,-0.009753,298.47,287.61,298.39,297.99,298.85,1009,51,6.17,260,,100,804,Clouds,overcast clouds,04d
1787072400,2026-08-18 17:00:00 +0000 UTC,3600,UCL East - One Pool Street,51.538265,-0.009753,298.05,286.92,297.9,297.39,298.29,1009,50,5.14,270,,100,804,Clouds,overcast clouds,04d
1787076000,2026-08-18 18:00:00 +0000 UTC,3600,UCL East - One Pool Street,51.538265,-0.009753,297.25,287.93,297.18,296.66,297.6,1009,56,5.14,250,,100,804,Clouds,overcast clouds,04d
1787079600,2026-08-18 19:00:00 +0000 UTC,3600,UCL East - One Pool Street,51.538265,-0.009753,296.72,287.44,296.59,296.19,297.14,1009,56,6.17,260,,100,804,Clouds,overcast clouds,04d
1787083200,2026-08-18 20:00:00 +0000 UTC,3600,UCL East - One Pool Street,51.538265,-0.009753,295.89,287.47,295.76,295.49,296.2,1010,59,4.63,250,,100,804,Clouds,overcast clouds,04n
1787086800,2026-08-18 21:00:00 +0000 UTC,3600,UCL East - One Pool Street,51.538265,-0.009753,295.48,287.6,295.36,294.79,296.14,1010,61,4.63,270,,100,804,Clouds,overcast clouds,04n
1787090400,2026-08-18 22:00:00 +0000 UTC,3600,UCL East - One Pool Street,51.538265,-0.009753,294.8,287.94,294.72,294.19,295.14,1010,65,4.63,270,,100,804,Clouds,overcast clouds,04n
1787094000,2026-08-18 23:00:00 +0000 UTC,3600,UCL East - One Pool Street,51.538265,-0.009753,294.14,287.55,294.02,293.59,294.4,1009,66,4.12,250,,100,804,Clouds,overcast clouds,04n
